Download_Date,Report_Date,Filename,Status
2026-07-16,Pending,2026-07-16.pdf,Downloaded
2026-07-16,2026-07-15,2026-07-16.pdf,Downloaded
2026-07-16,15-07-2026,2026-07-16.pdf,Downloaded
2026-07-16,15-07-2026,2026-07-16.pdf,Downloaded
2026-07-16,15-07-2026,2026-07-16.pdf,Downloaded
2026-07-16,15-07-2026,2026-07-16.pdf,Downloaded
2026-07-16,15-07-2026,2026-07-16.pdf,Downloaded
2026-07-16,15-07-2026,2026-07-16.pdf,Downloaded
2026-07-16,15-07-2026,2026-07-16.pdf,Downloaded
2026-07-16,15-07-2026,2026-07-16.pdf,Downloaded
2026-07-16,15-07-2026,2026-07-16.pdf,Downloaded
2026-07-16,15-07-2026,2026-07-16.pdf,Downloaded
2026-07-16,15-07-2026,2026-07-16.pdf,Downloaded
2026-07-16,15-07-2026,2026-07-16.pdf,Downloaded
2026-07-16,15-07-2026,2026-07-16.pdf,Downloaded
2026-07-16,15-07-2026,2026-07-16.pdf,Downloaded
2026-07-16,15-07-2026,2026-07-16.pdf,Downloaded
2026-07-17,16-07-2026,2026-07-17.pdf,Downloaded
2026-07-20,19-07-2026,2026-07-20.pdf,Downloaded
2026-07-22,21-07-2026,2026-07-22.pdf,Downloaded
2026-07-23,22-07-2026,2026-07-23.pdf,Downloaded
2026-07-24,23-07-2026,2026-07-24.pdf,Downloaded
2026-07-25,24-07-2026,2026-07-25.pdf,Downloaded
2026-07-26,25-07-2026,2026-07-26.pdf,Downloaded
2026-07-27,26-07-2026,2026-07-27.pdf,Downloaded
2026-07-28,27-07-2026,2026-07-28.pdf,Downloaded
2026-07-29,28-07-2026,2026-07-29.pdf,Downloaded
2026-07-30,29-07-2026,2026-07-30.pdf,Downloaded
2026-07-31,30-07-2026,2026-07-31.pdf,Downloaded
2026-08-01,31-07-2026,2026-08-01.pdf,Downloaded
2026-08-02,01-08-2026,2026-08-02.pdf,Downloaded
2026-08-03,02-08-2026,2026-08-03.pdf,Downloaded
2026-08-04,03-08-2026,2026-08-04.pdf,Downloaded
2026-08-05,04-08-2026,2026-08-05.pdf,Downloaded
2026-08-06,05-08-2026,2026-08-06.pdf,Downloaded
