Download_Date,Report_Date,Filename,Status
2026-07-16,Pending,2026-07-16.pdf,Downloaded
2026-07-16,2026-07-15,2026-07-16.pdf,Downloaded
2026-07-16,15-07-2026,2026-07-16.pdf,Downloaded
2026-07-16,15-07-2026,2026-07-16.pdf,Downloaded
2026-07-16,15-07-2026,2026-07-16.pdf,Downloaded
2026-07-16,15-07-2026,2026-07-16.pdf,Downloaded
2026-07-16,15-07-2026,2026-07-16.pdf,Downloaded
2026-07-16,15-07-2026,2026-07-16.pdf,Downloaded
2026-07-16,15-07-2026,2026-07-16.pdf,Downloaded
2026-07-16,15-07-2026,2026-07-16.pdf,Downloaded
2026-07-16,15-07-2026,2026-07-16.pdf,Downloaded
2026-07-16,15-07-2026,2026-07-16.pdf,Downloaded
2026-07-16,15-07-2026,2026-07-16.pdf,Downloaded
2026-07-16,15-07-2026,2026-07-16.pdf,Downloaded
2026-07-16,15-07-2026,2026-07-16.pdf,Downloaded
2026-07-16,15-07-2026,2026-07-16.pdf,Downloaded
2026-07-16,15-07-2026,2026-07-16.pdf,Downloaded
