record_type,state,district_no,district,daily_actual,daily_normal,daily_departure,daily_category,season_actual,season_normal,season_departure,season_category
STATE,ANDAMAN & NICOBAR ISLANDS,,,11.1,14.1,-21,D,860.1,844.0,2,N
DISTRICT,ANDAMAN & NICOBAR ISLANDS,1,NICOBAR,24.8,8.4,195,LE,276.0,571.7,-52,D
DISTRICT,ANDAMAN & NICOBAR ISLANDS,2,NORTH & MIDDLE ANDAMAN,2.0,18.5,-89,LD,1348.4,987.9,36,E
DISTRICT,ANDAMAN & NICOBAR ISLANDS,3,SOUTH ANDAMAN,12.6,12.9,-2,N,688.2,855.2,-20,D
STATE,ARUNACHAL PRADESH,,,13.8,10.3,34,E,640.5,1015.8,-37,D
DISTRICT,ARUNACHAL PRADESH,1,ANJAW,2.4,14.5,-83,LD,117.3,989.4,-88,LD
DISTRICT,ARUNACHAL PRADESH,2,CHANGLANG,0.9,7.5,-88,LD,676.9,804.9,-16,N
DISTRICT,ARUNACHAL PRADESH,4,EAST KAMENG,9.5,3.8,149,LE,923.0,729.0,27,E
DISTRICT,ARUNACHAL PRADESH,5,EAST SIANG,60.1,26.8,124,LE,1652.9,1964.0,-16,N
DISTRICT,ARUNACHAL PRADESH,6,KURUNG KUMEY,0.2,9.2,-98,LD,337.6,698.2,-52,D
DISTRICT,ARUNACHAL PRADESH,7,LOHIT,5.3,12.3,-57,D,635.2,959.4,-34,D
DISTRICT,ARUNACHAL PRADESH,9,LOWER SUBANSIRI,2.3,10.2,-77,LD,234.8,425.4,-45,D
DISTRICT,ARUNACHAL PRADESH,10,PAPUMPARA,27.2,12.4,119,LE,1139.8,1365.8,-17,N
DISTRICT,ARUNACHAL PRADESH,11,TAWANG,0.0,8.4,-100,NR,181.2,569.7,-68,LD
DISTRICT,ARUNACHAL PRADESH,12,TIRAP,46.0,11.5,300,LE,1370.2,1209.0,13,N
DISTRICT,ARUNACHAL PRADESH,13,UPPER SIANG,2.2,4.7,-53,D,800.3,1025.5,-22,D
DISTRICT,ARUNACHAL PRADESH,14,UPPER SUBANSIRI,1.2,3.7,-68,LD,264.1,566.8,-53,D
DISTRICT,ARUNACHAL PRADESH,15,WEST KAMENG,2.9,10.4,-72,LD,276.6,1006.3,-73,LD
DISTRICT,ARUNACHAL PRADESH,16,WEST SIANG,26.9,13.8,95,LE,461.7,1219.5,-62,LD
STATE,ASSAM & MEGHALAYA,,,10.4,11.7,-11,N,672.8,1075.8,-37,D
STATE,ASSAM,,,11.3,9.8,15,N,660.2,891.7,-26,D
DISTRICT,ASSAM,1,BAJALI,0.0,9.1,-100,NR,804.0,1369.2,-41,D
DISTRICT,ASSAM,2,BAKSA,6.9,5.8,19,N,835.6,1001.7,-17,N
DISTRICT,ASSAM,3,BARPETA,1.2,9.1,-87,LD,972.3,1369.2,-29,D
DISTRICT,ASSAM,5,BONGAIGAON,0.2,10.1,-98,LD,688.6,1530.2,-55,D
DISTRICT,ASSAM,6,CACHAR,6.9,16.7,-58,D,1012.8,1071.3,-5,N
DISTRICT,ASSAM,7,CHARAIDEO,5.5,8.6,-36,D,819.0,556.7,47,E
DISTRICT,ASSAM,8,CHIRANG,10.2,12.5,-18,N,856.6,1490.3,-43,D
DISTRICT,ASSAM,9,DARRANG,3.8,7.7,-51,D,402.7,807.5,-50,D
DISTRICT,ASSAM,10,DHEMAJI,41.8,6.7,524,LE,1449.1,1220.5,19,N
DISTRICT,ASSAM,11,DHUBRI,33.2,9.2,261,LE,884.9,1338.5,-34,D
DISTRICT,ASSAM,12,DIBRUGARH,27.0,8.6,214,LE,790.9,868.1,-9,N
DISTRICT,ASSAM,13,DIMA HASAO,0.0,15.1,-100,NR,267.7,661.4,-60,LD
DISTRICT,ASSAM,14,GOALPARA,10.1,10.4,-3,N,546.4,1263.9,-57,D
DISTRICT,ASSAM,15,GOLAGHAT,5.1,6.2,-18,N,486.0,594.7,-18,N
DISTRICT,ASSAM,16,HAILAKANDI,0.3,12.8,-98,LD,704.0,900.8,-22,D
DISTRICT,ASSAM,17,HOJAI,0.0,14.3,-100,NR,237.6,425.9,-44,D
DISTRICT,ASSAM,18,JORHAT,6.2,7.9,-22,D,515.0,707.9,-27,D
DISTRICT,ASSAM,19,KAMRUP METROPOLITAN,2.7,6.7,-60,LD,486.2,648.2,-25,D
DISTRICT,ASSAM,20,KAMRUP RURAL,0.0,12.9,-100,NR,278.2,800.7,-65,LD
DISTRICT,ASSAM,21,KARBI ANGLONG,0.0,7.1,-100,NR,284.5,463.9,-39,D
DISTRICT,ASSAM,22,KOKRAJHAR,36.3,16.6,119,LE,1571.2,1702.2,-8,N
DISTRICT,ASSAM,23,LAKHIMPUR,44.7,10.1,343,LE,1484.5,1192.9,24,E
DISTRICT,ASSAM,25,MORIGAON,0.0,7.5,-100,NR,330.1,644.2,-49,D
DISTRICT,ASSAM,26,NAGAON,0.0,10.2,-100,NR,257.9,593.6,-57,D
DISTRICT,ASSAM,27,NALBARI,0.3,9.5,-97,LD,389.5,1005.1,-61,LD
DISTRICT,ASSAM,28,SIBSAGAR,20.4,11.0,86,LE,482.0,691.3,-30,D
DISTRICT,ASSAM,29,SONITPUR,6.1,6.3,-4,N,608.6,693.1,-12,N
DISTRICT,ASSAM,31,SRIBHUMI,33.2,16.5,101,LE,1096.0,1301.1,-16,N
DISTRICT,ASSAM,32,TAMULPUR,0.2,4.6,-96,LD,858.3,889.5,-4,N
DISTRICT,ASSAM,33,TINSUKIA,30.0,9.6,213,LE,874.0,847.9,3,N
DISTRICT,ASSAM,34,UDALGURI,22.8,7.6,200,LE,362.3,904.9,-60,LD
DISTRICT,ASSAM,35,WEST KARBI ANGLONG,0.0,5.2,-100,NR,362.2,411.5,-12,N
STATE,MEGHALAYA,,,7.7,18.2,-58,D,713.2,1682.8,-58,D
DISTRICT,MEGHALAYA,1,EAST GARO HILLS,5.9,16.2,-63,LD,492.4,1153.1,-57,D
DISTRICT,MEGHALAYA,2,EAST JAINTIA HILLS,15.3,31.0,-51,D,1019.1,2887.6,-65,LD
DISTRICT,MEGHALAYA,3,EAST KHASI HILLS,13.0,40.2,-68,LD,1453.7,2895.1,-50,D
DISTRICT,MEGHALAYA,4,NORTH GARO HILLS,0.1,5.1,-98,LD,388.0,1077.8,-64,LD
DISTRICT,MEGHALAYA,5,RI BHOI,0.2,11.7,-99,LD,445.0,865.5,-49,D
DISTRICT,MEGHALAYA,6,SOUTH GARO HILLS,36.5,5.1,616,LE,583.5,1077.8,-46,D
DISTRICT,MEGHALAYA,7,SOUTH WEST GARO HILLS,0.1,5.1,-99,LD,486.6,1077.8,-55,D
DISTRICT,MEGHALAYA,8,SOUTH WEST KHASI HILLS,9.5,5.1,86,LE,1989.9,1077.8,85,LE
DISTRICT,MEGHALAYA,9,WEST GARO HILLS,5.6,14.6,-62,LD,347.9,1131.2,-69,LD
DISTRICT,MEGHALAYA,10,WEST JAINTIA HILLS,5.2,31.0,-83,LD,638.7,2887.6,-78,LD
DISTRICT,MEGHALAYA,11,WEST KHASI HILLS,0.1,16.2,-99,LD,493.6,1681.9,-71,LD
STATE,NMMT,,,7.0,11.5,-39,D,573.9,741.1,-23,D
STATE,MIZORAM,,,4.9,14.6,-66,LD,670.6,887.7,-24,D
DISTRICT,MIZORAM,1,AIZAWL,1.6,13.1,-87,LD,692.6,852.7,-19,N
DISTRICT,MIZORAM,2,CHAMPHAI,0.3,10.0,-98,LD,601.4,710.8,-15,N
DISTRICT,MIZORAM,3,KOLASIB,18.4,15.1,22,E,710.1,919.2,-23,D
DISTRICT,MIZORAM,4,LAWNGTLAI,5.5,12.1,-55,D,787.9,982.6,-20,D
DISTRICT,MIZORAM,5,LUNGLEI,5.1,18.3,-72,LD,733.9,969.0,-24,D
DISTRICT,MIZORAM,6,MAMIT,1.0,19.3,-95,LD,434.2,837.8,-48,D
DISTRICT,MIZORAM,7,SAIHA,20.9,15.1,38,E,651.0,997.0,-35,D
DISTRICT,MIZORAM,8,SERCHHIP,1.4,10.5,-87,LD,831.8,868.3,-4,N
STATE,MANIPUR,,,0.6,9.8,-94,LD,354.1,612.0,-42,D
DISTRICT,MANIPUR,1,BISHNUPUR,0.0,9.7,-100,NR,299.1,663.8,-55,D
DISTRICT,MANIPUR,2,CHANDEL,0.0,9.7,-100,NR,361.3,663.8,-46,D
DISTRICT,MANIPUR,3,CHURACHANDPUR,1.0,9.7,-90,LD,143.0,663.8,-78,LD
DISTRICT,MANIPUR,4,IMPHAL EAST,0.5,5.6,-91,LD,350.5,437.1,-20,D
DISTRICT,MANIPUR,5,IMPHAL WEST,1.7,10.2,-83,LD,491.8,976.3,-50,D
DISTRICT,MANIPUR,6,SENAPATI,0.0,9.1,-100,NR,438.9,452.0,-3,N
DISTRICT,MANIPUR,7,TAMENGLONG,30.4,19.8,54,E,1206.1,2613.4,-54,D
DISTRICT,MANIPUR,8,THOUBAL,0.0,5.6,-100,NR,167.1,437.1,-62,LD
DISTRICT,MANIPUR,9,UKHRUL,1.2,12.7,-91,LD,512.3,660.3,-22,D
STATE,TRIPURA,,,3.8,12.5,-70,LD,713.2,840.4,-15,N
DISTRICT,TRIPURA,1,DHALAI,0.5,13.8,-97,LD,736.3,788.8,-7,N
DISTRICT,TRIPURA,2,GOMATI,2.3,16.3,-86,LD,621.9,870.4,-29,D
DISTRICT,TRIPURA,3,KHOWAI,0.8,7.3,-89,LD,773.0,788.0,-2,N
DISTRICT,TRIPURA,4,NORTH TRIPURA,6.6,15.6,-58,D,675.4,783.4,-14,N
DISTRICT,TRIPURA,5,SIPAHIJALA,12.0,9.9,21,E,666.9,813.6,-18,N
DISTRICT,TRIPURA,6,SOUTH TRIPURA,6.5,11.9,-46,D,716.8,1065.6,-33,D
DISTRICT,TRIPURA,7,UNAKOTI,0.0,11.2,-100,NR,855.0,837.7,2,N
DISTRICT,TRIPURA,8,WEST TRIPURA,2.2,8.5,-74,LD,752.7,732.0,3,N
STATE,NAGALAND,,,21.0,8.3,153,LE,607.2,593.3,2,N
DISTRICT,NAGALAND,1,DIMAPUR,4.2,6.4,-34,D,293.2,461.2,-36,D
DISTRICT,NAGALAND,2,KIPHIRE,7.4,3.5,112,LE,489.8,340.6,44,E
DISTRICT,NAGALAND,3,KOHIMA,15.3,9.4,63,LE,624.0,651.8,-4,N
DISTRICT,NAGALAND,5,MOKOKCHUNG,17.8,12.0,48,E,939.1,806.4,16,N
DISTRICT,NAGALAND,6,MON,53.2,7.3,629,LE,417.6,655.6,-36,D
DISTRICT,NAGALAND,7,PEREN,9.7,7.8,24,E,424.4,500.8,-15,N
DISTRICT,NAGALAND,8,PHEK,13.3,4.4,202,LE,413.9,476.9,-13,N
DISTRICT,NAGALAND,10,WOKHA,16.7,9.0,85,LE,632.2,691.1,-9,N
DISTRICT,NAGALAND,11,ZUNHEBOTO,37.8,8.5,345,LE,1036.4,618.6,68,LE
STATE,SHWB & SIKKIM,,,28.4,13.6,108,LE,1075.2,1085.5,-1,N
STATE,WEST BENGAL,,,14.0,12.4,13,N,739.4,737.4,0,N
DISTRICT,WEST BENGAL,1,ALIPURDUAR,68.2,14.0,387,LE,1838.7,1818.1,1,N
DISTRICT,WEST BENGAL,2,COOCH BEHAR,64.4,15.5,316,LE,1376.1,1368.7,1,N
DISTRICT,WEST BENGAL,3,DARJEELING,47.0,18.1,160,LE,1455.5,1607.5,-9,N
DISTRICT,WEST BENGAL,4,JALPAIGURI,35.4,18.7,89,LE,1465.9,1750.3,-16,N
DISTRICT,WEST BENGAL,5,KALIMPONG,30.0,21.0,43,E,1200.6,1402.4,-14,N
DISTRICT,WEST BENGAL,6,MALDA,0.0,7.8,-100,NR,498.6,605.9,-18,N
DISTRICT,WEST BENGAL,7,NORTH DINAJPUR,4.2,10.8,-61,LD,577.4,809.5,-29,D
DISTRICT,WEST BENGAL,8,SOUTH DINAJPUR,1.6,5.7,-72,LD,601.3,598.1,1,N
STATE,SIKKIM,,,20.3,14.8,37,E,983.0,959.8,2,N
DISTRICT,SIKKIM,1,GANGTOK,16.4,16.6,-1,N,1168.9,1262.3,-7,N
DISTRICT,SIKKIM,2,GYALSHING,27.1,13.3,104,LE,1326.7,1020.9,30,E
DISTRICT,SIKKIM,3,MANGAN,10.9,15.2,-29,D,813.3,891.8,-9,N
DISTRICT,SIKKIM,4,NAMCHI,39.4,11.6,240,LE,1209.3,927.3,30,E
DISTRICT,SIKKIM,5,Pakyong,41.8,14.4,190,LE,1039.2,912.8,14,N
DISTRICT,SIKKIM,6,Soreng,64.0,13.3,381,LE,1355.0,1020.9,33,E
STATE,GANGETIC WEST BENGAL,,,8.5,12.2,-31,D,618.7,625.5,-1,N
DISTRICT,GANGETIC WEST BENGAL,1,BANKURA,14.1,16.1,-13,N,639.4,629.6,2,N
DISTRICT,GANGETIC WEST BENGAL,2,BIRBHUM,21.3,9.9,115,LE,414.1,611.5,-32,D
DISTRICT,GANGETIC WEST BENGAL,3,EAST MIDNAPORE,0.0,15.6,-100,NR,873.8,649.7,34,E
DISTRICT,GANGETIC WEST BENGAL,4,HOOGHLY,5.4,9.7,-44,D,573.5,578.1,-1,N
DISTRICT,GANGETIC WEST BENGAL,5,HOWRAH,0.0,14.2,-100,NR,697.6,624.5,12,N
DISTRICT,GANGETIC WEST BENGAL,6,JHARGRAM,0.1,10.9,-99,LD,500.7,620.0,-19,N
DISTRICT,GANGETIC WEST BENGAL,7,KOLKATA,0.6,13.7,-96,LD,706.0,708.5,0,N
DISTRICT,GANGETIC WEST BENGAL,8,MURSHIDABAD,39.2,6.5,503,LE,403.1,548.0,-26,D
DISTRICT,GANGETIC WEST BENGAL,9,NADIA,7.9,8.1,-3,N,414.0,529.3,-22,D
DISTRICT,GANGETIC WEST BENGAL,10,NORTH 24 PARGANAS,10.7,10.2,5,N,778.0,627.0,24,E
DISTRICT,GANGETIC WEST BENGAL,11,PASCHIM BARDHAMAN,6.1,12.2,-50,D,491.2,593.7,-17,N
DISTRICT,GANGETIC WEST BENGAL,12,PURBA BARDHAMAN,0.0,10.6,-100,NR,513.1,559.7,-8,N
DISTRICT,GANGETIC WEST BENGAL,13,PURULIA,5.1,15.2,-66,LD,381.5,587.1,-35,D
DISTRICT,GANGETIC WEST BENGAL,14,SOUTH 24 PARGANAS,0.0,15.3,-100,NR,822.1,775.0,6,N
DISTRICT,GANGETIC WEST BENGAL,15,WEST MIDNAPORE,4.2,10.9,-62,LD,874.5,620.0,41,E
STATE,ODISHA,,,2.7,13.7,-80,LD,745.4,586.3,27,E
DISTRICT,ODISHA,1,ANGUL,1.5,13.6,-89,LD,840.2,576.3,46,E
DISTRICT,ODISHA,2,BALANGIR,0.1,11.9,-99,LD,918.8,568.6,62,LE
DISTRICT,ODISHA,3,BALASORE,5.1,14.8,-65,LD,874.4,594.1,47,E
DISTRICT,ODISHA,4,BARGARH,1.0,17.1,-94,LD,1192.9,633.2,88,LE
DISTRICT,ODISHA,5,BHADRAK,5.3,15.2,-65,LD,758.0,531.9,43,E
DISTRICT,ODISHA,6,BOUDH,0.0,13.7,-100,NR,1265.4,527.4,140,LE
DISTRICT,ODISHA,7,CUTTACK,0.0,11.7,-100,NR,854.2,564.5,51,E
DISTRICT,ODISHA,8,DEOGARH,4.7,12.4,-62,LD,733.8,593.0,24,E
DISTRICT,ODISHA,9,DHENKANAL,3.5,14.6,-76,LD,946.6,565.4,67,LE
DISTRICT,ODISHA,10,GAJAPATI,3.8,11.9,-68,LD,301.2,457.5,-34,D
DISTRICT,ODISHA,11,GANJAM,2.6,9.7,-73,LD,359.6,434.5,-17,N
DISTRICT,ODISHA,12,JAGATSINGHPUR,2.1,8.7,-75,LD,793.9,490.3,62,LE
DISTRICT,ODISHA,13,JAJPUR,3.6,13.6,-73,LD,778.5,614.1,27,E
DISTRICT,ODISHA,14,JHARSUGUDA,0.2,17.2,-99,LD,697.1,607.7,15,N
DISTRICT,ODISHA,15,KALAHANDI,0.4,17.0,-98,LD,608.8,724.5,-16,N
DISTRICT,ODISHA,16,KANDHAMAL,1.6,10.4,-85,LD,838.1,562.6,49,E
DISTRICT,ODISHA,17,KENDRAPARA,10.5,11.9,-12,N,910.6,530.8,72,LE
DISTRICT,ODISHA,18,KEONJHARGARH,3.1,14.2,-79,LD,864.4,586.8,47,E
DISTRICT,ODISHA,19,KHURDA,10.0,10.1,-1,N,670.2,536.5,25,E
DISTRICT,ODISHA,20,KORAPUT,3.9,16.5,-76,LD,599.9,623.6,-4,N
DISTRICT,ODISHA,21,MALKANGIRI,2.0,14.9,-87,LD,496.8,641.8,-23,D
DISTRICT,ODISHA,22,MAYURBHANJ,6.9,13.2,-48,D,719.7,625.1,15,N
DISTRICT,ODISHA,23,NAWAPARA,0.0,9.9,-100,NR,773.2,533.7,45,E
DISTRICT,ODISHA,24,NAWARANGPUR,0.0,20.1,-100,NR,490.5,704.5,-30,D
DISTRICT,ODISHA,25,NAYAGARH,7.0,8.0,-12,N,711.6,557.3,28,E
DISTRICT,ODISHA,26,PURI,3.7,9.9,-63,LD,755.4,478.4,58,E
DISTRICT,ODISHA,27,RAYAGADA,2.8,8.4,-67,LD,434.5,507.6,-14,N
DISTRICT,ODISHA,28,SAMBALPUR,0.3,18.1,-98,LD,935.6,654.6,43,E
DISTRICT,ODISHA,29,SONEPUR,0.0,11.9,-100,NR,1301.0,607.8,114,LE
DISTRICT,ODISHA,30,SUNDARGARH,1.2,16.7,-93,LD,695.6,629.7,10,N
STATE,JHARKHAND,,,5.8,12.4,-53,D,368.7,538.7,-32,D
DISTRICT,JHARKHAND,1,BOKARO,0.0,11.9,-100,NR,305.3,475.2,-36,D
DISTRICT,JHARKHAND,2,CHATRA,0.0,11.7,-100,NR,263.0,486.4,-46,D
DISTRICT,JHARKHAND,3,DEOGHAR,4.8,8.3,-43,D,209.7,518.3,-60,LD
DISTRICT,JHARKHAND,4,DHANBAD,0.8,11.5,-93,LD,404.8,560.8,-28,D
DISTRICT,JHARKHAND,5,DUMKA,0.8,7.7,-90,LD,486.3,552.3,-12,N
DISTRICT,JHARKHAND,6,EAST SINGHBHUM,0.5,15.0,-97,LD,438.3,577.7,-24,D
DISTRICT,JHARKHAND,7,GARHWA,4.6,17.0,-73,LD,198.5,468.7,-58,D
DISTRICT,JHARKHAND,8,GIRIDIH,4.9,9.2,-46,D,254.2,522.5,-51,D
DISTRICT,JHARKHAND,9,GODDA,8.8,7.3,21,E,239.8,483.0,-50,D
DISTRICT,JHARKHAND,10,GUMLA,2.5,12.0,-79,LD,357.0,572.1,-38,D
DISTRICT,JHARKHAND,11,HAZARIBAG,4.8,14.3,-67,LD,351.2,556.8,-37,D
DISTRICT,JHARKHAND,12,JAMTARA,0.0,11.1,-99,LD,397.0,578.9,-31,D
DISTRICT,JHARKHAND,13,KHUNTI,0.0,16.6,-100,NR,443.0,584.2,-24,D
DISTRICT,JHARKHAND,14,KODERMA,0.0,8.5,-99,LD,216.5,458.2,-53,D
DISTRICT,JHARKHAND,15,LATEHAR,7.7,15.4,-50,D,358.9,545.2,-34,D
DISTRICT,JHARKHAND,16,LOHARDAGA,8.3,14.5,-43,D,335.4,548.4,-39,D
DISTRICT,JHARKHAND,17,PAKUR,3.3,9.4,-65,LD,234.0,622.2,-62,LD
DISTRICT,JHARKHAND,18,PALAMU,3.9,10.8,-64,LD,216.5,415.9,-48,D
DISTRICT,JHARKHAND,19,RAMGARH,25.5,13.1,94,LE,375.8,541.8,-31,D
DISTRICT,JHARKHAND,20,RANCHI,24.2,13.8,75,LE,409.5,556.1,-26,D
DISTRICT,JHARKHAND,22,SERAIKELA-KHARSAWAN,18.5,13.5,37,E,483.7,535.0,-10,N
DISTRICT,JHARKHAND,23,SIMDEGA,6.5,13.6,-52,D,618.2,701.1,-12,N
DISTRICT,JHARKHAND,24,WEST SINGHBHUM,0.0,12.5,-100,NR,511.8,522.5,-2,N
STATE,BIHAR,,,5.4,9.1,-40,D,303.3,531.3,-43,D
DISTRICT,BIHAR,1,ARARIA,0.0,10.1,-100,NR,548.7,787.9,-30,D
DISTRICT,BIHAR,2,ARWAL,0.0,5.1,-100,NR,172.3,355.8,-52,D
DISTRICT,BIHAR,3,AURANGABAD,6.7,8.1,-18,N,251.3,440.8,-43,D
DISTRICT,BIHAR,4,BANKA,7.0,8.5,-17,N,182.6,451.9,-60,LD
DISTRICT,BIHAR,5,BEGUSARAI,5.9,7.9,-25,D,324.3,526.3,-38,D
DISTRICT,BIHAR,6,BHABUA,14.2,9.9,43,E,190.5,420.4,-55,D
DISTRICT,BIHAR,7,BHAGALPUR,1.7,9.7,-83,LD,199.1,523.2,-62,LD
DISTRICT,BIHAR,8,BHOJPUR,0.0,8.6,-100,NR,215.4,445.1,-52,D
DISTRICT,BIHAR,9,BUXAR,1.3,6.4,-80,LD,298.8,401.2,-26,D
DISTRICT,BIHAR,10,DARBHANGA,0.4,7.4,-94,LD,227.5,487.7,-53,D
DISTRICT,BIHAR,11,EAST CHAMPARAN,3.7,10.5,-65,LD,324.8,573.5,-43,D
DISTRICT,BIHAR,12,GAYA,1.1,9.4,-88,LD,206.7,433.7,-52,D
DISTRICT,BIHAR,13,GOPALGANJ,1.6,14.0,-88,LD,344.4,508.2,-32,D
DISTRICT,BIHAR,14,JAHANABAD,0.7,5.4,-88,LD,148.5,427.5,-65,LD
DISTRICT,BIHAR,15,JAMUI,1.4,7.2,-81,LD,211.3,489.1,-57,D
DISTRICT,BIHAR,16,KATIHAR,7.9,8.0,-1,N,354.1,591.7,-40,D
DISTRICT,BIHAR,17,KHAGARIA,0.0,7.6,-100,NR,386.4,518.4,-25,D
DISTRICT,BIHAR,18,KISHANGANJ,1.4,11.0,-87,LD,777.0,983.3,-21,D
DISTRICT,BIHAR,19,LAKHISARAI,3.5,4.0,-12,N,396.8,447.2,-11,N
DISTRICT,BIHAR,20,MADHEPURA,17.6,9.2,91,LE,337.4,559.7,-40,D
DISTRICT,BIHAR,21,MADHUBANI,1.7,8.4,-80,LD,320.4,551.7,-42,D
DISTRICT,BIHAR,22,MUNGER,0.0,9.3,-100,NR,295.4,551.0,-46,D
DISTRICT,BIHAR,23,MUZAFFARPUR,0.0,8.1,-100,NR,235.6,513.3,-54,D
DISTRICT,BIHAR,24,NALANDA,0.6,7.1,-92,LD,219.3,442.4,-50,D
DISTRICT,BIHAR,25,NAWADA,2.7,7.5,-64,LD,229.9,425.9,-46,D
DISTRICT,BIHAR,26,PATNA,4.4,9.3,-52,D,224.8,469.5,-52,D
DISTRICT,BIHAR,27,PURNEA,19.5,8.9,119,LE,435.4,795.2,-45,D
DISTRICT,BIHAR,28,ROHTAS,6.2,7.9,-22,D,234.2,425.5,-45,D
DISTRICT,BIHAR,29,SAHARSA,16.0,7.8,105,LE,286.5,597.4,-52,D
DISTRICT,BIHAR,30,SAMASTIPUR,0.4,7.5,-95,LD,229.0,492.7,-54,D
DISTRICT,BIHAR,31,SARAN,20.3,10.4,95,LE,257.9,470.9,-45,D
DISTRICT,BIHAR,32,SHEIKHPURA,0.0,6.6,-100,NR,256.3,446.8,-43,D
DISTRICT,BIHAR,33,SHEOHAR,4.6,11.1,-59,D,259.4,565.3,-54,D
DISTRICT,BIHAR,34,SITAMARHI,31.5,12.8,146,LE,234.5,602.8,-61,LD
DISTRICT,BIHAR,35,SIWAN,6.9,8.8,-21,D,433.9,463.4,-6,N
DISTRICT,BIHAR,36,SUPAUL,5.6,9.6,-42,D,504.7,622.0,-19,N
DISTRICT,BIHAR,37,VAISHALI,0.9,7.6,-88,LD,283.2,484.6,-42,D
DISTRICT,BIHAR,38,WEST CHAMPARAN,2.6,15.3,-83,LD,455.0,680.5,-33,D
STATE,UTTAR PRADESH,,,5.7,7.3,-22,D,272.7,380.4,-28,D
STATE,WEST UTTAR PRADESH,,,2.5,7.2,-65,LD,278.2,340.6,-18,N
DISTRICT,WEST UTTAR PRADESH,1,AGRA,0.1,7.2,-99,LD,232.3,257.1,-10,N
DISTRICT,WEST UTTAR PRADESH,2,ALIGARH,5.3,8.4,-38,D,169.8,292.1,-42,D
DISTRICT,WEST UTTAR PRADESH,3,AMROHA,0.0,6.7,-100,NR,154.3,422.1,-63,LD
DISTRICT,WEST UTTAR PRADESH,4,AURAIYA,0.0,5.6,-100,NR,246.2,251.1,-2,N
DISTRICT,WEST UTTAR PRADESH,5,BADAUN,2.0,6.5,-69,LD,337.3,344.9,-2,N
DISTRICT,WEST UTTAR PRADESH,6,BAGHPAT,0.0,4.0,-100,NR,251.0,254.7,-1,N
DISTRICT,WEST UTTAR PRADESH,7,BAREILLY,6.0,8.9,-32,D,318.6,419.9,-24,D
DISTRICT,WEST UTTAR PRADESH,8,BIJNOR,0.0,10.2,-100,NR,471.5,480.6,-2,N
DISTRICT,WEST UTTAR PRADESH,9,BULANDSHAHAR,0.0,5.7,-100,NR,232.3,274.0,-15,N
DISTRICT,WEST UTTAR PRADESH,10,ETAH,0.0,5.1,-100,NR,316.2,245.4,29,E
DISTRICT,WEST UTTAR PRADESH,11,ETAWAH,0.0,5.1,-100,NR,241.3,270.1,-11,N
DISTRICT,WEST UTTAR PRADESH,12,FIROZABAD,0.0,4.8,-100,NR,303.9,280.4,8,N
DISTRICT,WEST UTTAR PRADESH,13,GAUTAM BUDDHA NAGAR,50.2,5.8,766,LE,260.0,232.8,12,N
DISTRICT,WEST UTTAR PRADESH,14,GHAZIABAD,1.0,5.8,-83,LD,81.5,234.3,-65,LD
DISTRICT,WEST UTTAR PRADESH,15,HAMIRPUR,1.0,7.3,-86,LD,315.4,338.6,-7,N
DISTRICT,WEST UTTAR PRADESH,16,HAPUR,0.0,8.4,-100,NR,221.0,330.5,-33,D
DISTRICT,WEST UTTAR PRADESH,17,HATHRAS,7.2,7.3,-1,N,323.4,280.4,15,N
DISTRICT,WEST UTTAR PRADESH,18,JALAUN,0.0,5.4,-100,NR,181.9,305.5,-40,D
DISTRICT,WEST UTTAR PRADESH,19,JHANSI,0.0,8.6,-100,NR,146.6,357.5,-59,D
DISTRICT,WEST UTTAR PRADESH,20,KASGANJ,11.0,6.6,67,LE,272.7,325.4,-16,N
DISTRICT,WEST UTTAR PRADESH,21,LALITPUR,0.5,13.2,-96,LD,322.1,408.4,-21,D
DISTRICT,WEST UTTAR PRADESH,22,MAHOBA,0.0,6.0,-100,NR,151.2,283.0,-47,D
DISTRICT,WEST UTTAR PRADESH,23,MAINPURI,0.0,8.7,-100,NR,130.9,320.1,-59,D
DISTRICT,WEST UTTAR PRADESH,24,MATHURA,0.0,5.9,-100,NR,148.0,247.4,-40,D
DISTRICT,WEST UTTAR PRADESH,25,MEERUT,0.0,5.8,-100,NR,574.4,327.6,75,LE
DISTRICT,WEST UTTAR PRADESH,26,MORADABAD,0.0,8.0,-100,NR,341.6,444.7,-23,D
DISTRICT,WEST UTTAR PRADESH,27,MUZAFFARNAGAR,0.0,7.0,-100,NR,581.3,341.8,70,LE
DISTRICT,WEST UTTAR PRADESH,28,PILIBHIT,0.8,5.2,-86,LD,106.5,445.1,-76,LD
DISTRICT,WEST UTTAR PRADESH,29,RAMPUR,2.7,6.0,-54,D,249.5,360.7,-31,D
DISTRICT,WEST UTTAR PRADESH,30,SAHARANPUR,8.8,7.3,21,E,278.6,401.7,-31,D
DISTRICT,WEST UTTAR PRADESH,31,SAMBHAL,8.7,6.9,26,E,481.9,342.0,41,E
DISTRICT,WEST UTTAR PRADESH,32,SHAHJAHANPUR,4.8,6.2,-23,D,318.0,410.0,-22,D
DISTRICT,WEST UTTAR PRADESH,33,SHAMLI,0.8,8.7,-91,LD,90.8,286.3,-68,LD
STATE,EAST UTTAR PRADESH,,,7.9,7.5,5,N,268.9,408.9,-34,D
DISTRICT,EAST UTTAR PRADESH,1,AMBEDKAR NAGAR,12.1,5.6,117,LE,281.3,442.8,-36,D
DISTRICT,EAST UTTAR PRADESH,2,AMETHI,1.0,6.7,-85,LD,123.5,339.7,-64,LD
DISTRICT,EAST UTTAR PRADESH,3,AYODHYA,14.7,9.3,58,E,300.4,436.0,-31,D
DISTRICT,EAST UTTAR PRADESH,4,AZAMGARH,2.7,4.6,-41,D,270.1,430.0,-37,D
DISTRICT,EAST UTTAR PRADESH,5,BAHRAICH,5.3,7.8,-32,D,435.7,531.4,-18,N
DISTRICT,EAST UTTAR PRADESH,6,BALLIA,4.9,6.3,-22,D,351.6,382.5,-8,N
DISTRICT,EAST UTTAR PRADESH,7,BALRAMPUR,0.0,5.6,-100,NR,363.0,415.8,-13,N
DISTRICT,EAST UTTAR PRADESH,8,BANDA,0.0,8.3,-100,NR,264.1,372.6,-29,D
DISTRICT,EAST UTTAR PRADESH,9,BARABANKI,7.8,7.7,1,N,354.0,422.7,-16,N
DISTRICT,EAST UTTAR PRADESH,10,BASTI,0.0,7.3,-100,NR,301.4,443.0,-32,D
DISTRICT,EAST UTTAR PRADESH,11,BHADOHI,8.0,10.0,-20,D,93.0,405.9,-77,LD
DISTRICT,EAST UTTAR PRADESH,12,CHANDAULI,2.0,7.1,-72,LD,226.2,343.7,-34,D
DISTRICT,EAST UTTAR PRADESH,13,CHITRAKOOT,0.0,6.1,-100,NR,360.9,387.5,-7,N
DISTRICT,EAST UTTAR PRADESH,14,DEORIA,2.0,7.7,-74,LD,121.0,422.0,-71,LD
DISTRICT,EAST UTTAR PRADESH,15,FARRUKHABAD,0.0,5.3,-100,NR,186.2,357.8,-48,D
DISTRICT,EAST UTTAR PRADESH,16,FATEHPUR,3.0,7.7,-61,LD,119.3,337.6,-65,LD
DISTRICT,EAST UTTAR PRADESH,17,GHAZIPUR,4.9,6.5,-25,D,206.2,369.2,-44,D
DISTRICT,EAST UTTAR PRADESH,18,GONDA,0.0,8.2,-100,NR,371.6,468.9,-21,D
DISTRICT,EAST UTTAR PRADESH,19,GORAKHPUR,1.7,9.2,-81,LD,499.0,639.7,-22,D
DISTRICT,EAST UTTAR PRADESH,20,HARDOI,9.6,8.6,11,N,203.0,348.1,-42,D
DISTRICT,EAST UTTAR PRADESH,21,JAUNPUR,3.2,3.8,-17,N,99.0,356.2,-72,LD
DISTRICT,EAST UTTAR PRADESH,22,KANNAUJ,5.4,5.6,-4,N,241.9,315.9,-23,D
DISTRICT,EAST UTTAR PRADESH,23,KANPUR CITY,17.7,4.1,333,LE,314.3,321.2,-2,N
DISTRICT,EAST UTTAR PRADESH,24,KANPUR DEHAT,0.6,7.4,-92,LD,64.1,269.3,-76,LD
DISTRICT,EAST UTTAR PRADESH,25,KAUSHAMBI,0.0,4.3,-100,NR,67.2,278.6,-76,LD
DISTRICT,EAST UTTAR PRADESH,26,KHERI,8.2,8.8,-6,N,410.8,490.7,-16,N
DISTRICT,EAST UTTAR PRADESH,27,KUSHI NAGAR,0.0,7.7,-100,NR,157.6,400.1,-61,LD
DISTRICT,EAST UTTAR PRADESH,28,LUCKNOW,16.1,8.6,87,LE,196.7,338.9,-42,D
DISTRICT,EAST UTTAR PRADESH,29,MAHARAJGANJ,3.3,8.3,-60,LD,496.9,537.6,-8,N
DISTRICT,EAST UTTAR PRADESH,30,MAU,3.0,5.1,-41,D,148.5,418.9,-65,LD
DISTRICT,EAST UTTAR PRADESH,31,MIRZAPUR,45.9,9.6,378,LE,405.2,440.7,-8,N
DISTRICT,EAST UTTAR PRADESH,32,PRATAPGARH,6.0,7.0,-14,N,261.8,383.1,-32,D
DISTRICT,EAST UTTAR PRADESH,33,PRAYAGRAJ,20.0,9.7,106,LE,217.2,351.3,-38,D
DISTRICT,EAST UTTAR PRADESH,34,RAE BAREILLY,0.2,4.1,-95,LD,95.5,217.0,-56,D
DISTRICT,EAST UTTAR PRADESH,35,SANT KABIR NAGAR,4.3,8.2,-48,D,265.0,559.2,-53,D
DISTRICT,EAST UTTAR PRADESH,36,SHRAWASTI,0.0,6.6,-100,NR,370.0,624.1,-41,D
DISTRICT,EAST UTTAR PRADESH,37,SIDDHARTH NAGAR,4.4,6.0,-26,D,418.5,581.0,-28,D
DISTRICT,EAST UTTAR PRADESH,38,SITAPUR,11.5,6.5,77,LE,186.8,428.3,-56,D
DISTRICT,EAST UTTAR PRADESH,39,SONBHADRA,25.2,12.1,108,LE,326.8,441.5,-26,D
DISTRICT,EAST UTTAR PRADESH,40,SULTANPUR,8.6,8.4,2,N,316.5,417.8,-24,D
DISTRICT,EAST UTTAR PRADESH,41,UNNAO,3.8,6.9,-44,D,156.5,316.8,-51,D
DISTRICT,EAST UTTAR PRADESH,42,VARANASI,28.0,6.9,305,LE,224.0,394.2,-43,D
STATE,UTTARAKHAND,,,12.0,13.0,-7,N,601.3,637.2,-6,N
DISTRICT,UTTARAKHAND,1,ALMORA,2.9,8.7,-67,LD,452.8,444.1,2,N
DISTRICT,UTTARAKHAND,2,BAGESHWAR,18.3,8.7,110,LE,1035.7,444.1,133,LE
DISTRICT,UTTARAKHAND,3,CHAMOLI,22.8,7.7,196,LE,618.4,398.2,55,E
DISTRICT,UTTARAKHAND,4,CHAMPAWAT,2.4,12.5,-81,LD,460.9,726.2,-37,D
DISTRICT,UTTARAKHAND,5,DEHRADUN,20.5,16.4,25,E,691.1,785.7,-12,N
DISTRICT,UTTARAKHAND,6,GARHWAL PAURI,2.1,15.5,-87,LD,328.9,648.7,-49,D
DISTRICT,UTTARAKHAND,7,GARHWAL TEHRI,0.9,12.1,-92,LD,641.5,501.5,28,E
DISTRICT,UTTARAKHAND,8,HARDWAR,0.0,10.4,-100,NR,502.2,509.1,-1,N
DISTRICT,UTTARAKHAND,9,NAINITAL,3.8,13.5,-72,LD,540.4,877.3,-38,D
DISTRICT,UTTARAKHAND,10,PITHORAGARH,21.3,16.4,30,E,728.9,841.0,-13,N
DISTRICT,UTTARAKHAND,11,RUDRAPRAYAG,26.4,22.7,16,N,797.1,836.8,-5,N
DISTRICT,UTTARAKHAND,12,UDHAM SINGH NAGAR,4.5,14.6,-69,LD,540.8,611.8,-12,N
DISTRICT,UTTARAKHAND,13,UTTARKASHI,13.6,13.1,4,N,594.8,643.4,-8,N
STATE,DELHI AND HARYANA AND CHANDIGARH,,,1.1,6.2,-82,LD,152.5,223.2,-32,D
STATE,HARYANA,,,1.0,6.2,-83,LD,149.7,221.0,-32,D
DISTRICT,HARYANA,1,AMBALA,1.4,11.0,-87,LD,164.4,448.1,-63,LD
DISTRICT,HARYANA,2,BHIWANI,0.0,4.6,-100,NR,122.4,156.4,-22,D
DISTRICT,HARYANA,3,CHARKHI DADRI,0.0,5.9,-100,NR,181.8,207.7,-12,N
DISTRICT,HARYANA,4,FARIDABAD,0.7,7.1,-90,LD,299.9,260.1,15,N
DISTRICT,HARYANA,5,FATEHABAD,0.0,3.7,-100,NR,108.6,140.4,-23,D
DISTRICT,HARYANA,6,GURGAON,0.0,6.1,-100,NR,194.7,240.6,-19,N
DISTRICT,HARYANA,7,HISAR,0.2,4.9,-95,LD,99.9,161.1,-38,D
DISTRICT,HARYANA,8,JHAJJAR,0.0,5.6,-100,NR,140.0,190.4,-26,D
DISTRICT,HARYANA,9,JIND,0.0,7.4,-100,NR,73.6,208.0,-65,LD
DISTRICT,HARYANA,10,KAITHAL,0.0,8.0,-100,NR,88.9,193.4,-54,D
DISTRICT,HARYANA,11,KARNAL,1.3,7.0,-82,LD,198.5,282.5,-30,D
DISTRICT,HARYANA,12,KURUKSHETRA,0.0,6.5,-100,NR,202.0,216.9,-7,N
DISTRICT,HARYANA,13,MAHENDRAGARH,0.1,3.5,-98,LD,189.8,213.3,-11,N
DISTRICT,HARYANA,14,NUH,1.8,7.6,-77,LD,158.3,220.6,-28,D
DISTRICT,HARYANA,15,PALWAL,0.8,6.1,-87,LD,206.6,186.1,11,N
DISTRICT,HARYANA,16,PANCHKULA,0.0,12.2,-100,NR,194.0,447.5,-57,D
DISTRICT,HARYANA,17,PANIPAT,1.6,9.8,-84,LD,134.8,225.0,-40,D
DISTRICT,HARYANA,18,REWARI,0.0,7.8,-100,NR,177.3,221.7,-20,D
DISTRICT,HARYANA,19,ROHTAK,0.1,4.5,-99,LD,76.0,235.6,-68,LD
DISTRICT,HARYANA,20,SIRSA,0.0,0.8,-100,NR,44.1,128.5,-66,LD
DISTRICT,HARYANA,21,SONEPAT,0.0,8.3,-100,NR,123.5,238.8,-48,D
DISTRICT,HARYANA,22,YAMUNA NAGAR,19.1,11.1,72,LE,397.8,484.0,-18,N
STATE,DELHI (UT),,,3.9,3.7,7,N,244.0,271.7,-10,N
DISTRICT,DELHI (UT),1,CENTRAL DELHI,2.8,3.8,-26,D,365.0,326.1,12,N
DISTRICT,DELHI (UT),3,NEW DELHI,4.5,5.8,-22,D,227.8,307.7,-26,D
DISTRICT,DELHI (UT),5,NORTH EAST DELHI,0.0,3.8,-100,NR,312.0,326.1,-4,N
DISTRICT,DELHI (UT),6,NORTH WEST DELHI,17.5,2.8,525,LE,169.8,210.7,-19,N
DISTRICT,DELHI (UT),7,SOUTH DELHI,1.7,3.8,-55,D,227.9,326.1,-30,D
DISTRICT,DELHI (UT),8,SOUTH EAST DELHI,0.2,3.8,-95,LD,304.7,326.1,-7,N
DISTRICT,DELHI (UT),9,SOUTH WEST DELHI,0.4,3.1,-88,LD,179.5,272.0,-34,D
DISTRICT,DELHI (UT),10,WEST DELHI,3.8,4.5,-17,N,295.0,295.6,0,N
STATE,CHANDIGARH (UT),,,0.0,14.1,-99,LD,347.1,457.9,-24,D
DISTRICT,CHANDIGARH (UT),1,CHANDIGARH,0.0,14.1,-99,LD,347.1,457.9,-24,D
STATE,PUNJAB,,,1.2,6.1,-80,LD,145.3,236.8,-39,D
DISTRICT,PUNJAB,1,AMRITSAR,0.1,5.9,-98,LD,257.4,246.8,4,N
DISTRICT,PUNJAB,2,BARNALA,0.0,5.2,-100,NR,56.5,198.2,-72,LD
DISTRICT,PUNJAB,3,BHATINDA,0.0,3.3,-100,NR,69.8,162.5,-57,D
DISTRICT,PUNJAB,4,FARIDKOT,0.0,4.1,-100,NR,186.4,166.4,12,N
DISTRICT,PUNJAB,5,FATEHGARH SAHIB,0.0,6.7,-100,NR,65.6,264.8,-75,LD
DISTRICT,PUNJAB,6,FAZILKA,0.0,3.3,-100,NR,77.5,146.0,-47,D
DISTRICT,PUNJAB,7,FEROZEPUR,0.0,1.8,-100,NR,107.1,137.0,-22,D
DISTRICT,PUNJAB,8,GURDASPUR,0.3,6.7,-95,LD,463.3,329.5,41,E
DISTRICT,PUNJAB,9,HOSHIARPUR,1.9,9.6,-80,LD,93.2,326.2,-71,LD
DISTRICT,PUNJAB,10,JALANDHAR,0.9,5.5,-84,LD,169.0,281.2,-40,D
DISTRICT,PUNJAB,11,KAPURTHALA,0.0,4.2,-100,NR,108.2,237.1,-54,D
DISTRICT,PUNJAB,12,LUDHIANA,0.2,7.4,-97,LD,165.7,245.4,-32,D
DISTRICT,PUNJAB,13,MANSA,0.0,2.4,-100,NR,34.2,143.5,-76,LD
DISTRICT,PUNJAB,14,MOGA,0.0,5.9,-100,NR,103.3,152.9,-32,D
DISTRICT,PUNJAB,15,MUKTSAR,0.0,4.3,-100,NR,69.2,179.0,-61,LD
DISTRICT,PUNJAB,16,PATHANKOT,4.3,12.4,-66,LD,607.7,495.1,23,E
DISTRICT,PUNJAB,17,PATIALA,0.1,10.5,-99,LD,115.2,287.6,-60,LD
DISTRICT,PUNJAB,18,RUPNAGAR,25.4,11.6,119,LE,248.9,416.4,-40,D
DISTRICT,PUNJAB,19,SANGRUR,0.0,5.8,-100,NR,83.2,204.4,-59,D
DISTRICT,PUNJAB,20,SAS NAGAR (MOHALI),0.3,13.6,-98,LD,145.7,336.5,-57,D
DISTRICT,PUNJAB,21,SBS NAGAR,0.1,9.0,-99,LD,197.6,421.6,-53,D
DISTRICT,PUNJAB,22,TARN TARAN,0.0,3.2,-100,NR,107.4,150.5,-29,D
STATE,HIMACHAL PRADESH,,,3.8,10.2,-63,LD,356.1,386.8,-8,N
DISTRICT,HIMACHAL PRADESH,1,BILASPUR,13.1,13.0,1,N,388.8,406.5,-4,N
DISTRICT,HIMACHAL PRADESH,2,CHAMBA,0.0,11.8,-100,NR,515.6,464.0,11,N
DISTRICT,HIMACHAL PRADESH,3,HAMIRPUR,1.3,9.9,-87,LD,264.0,471.8,-44,D
DISTRICT,HIMACHAL PRADESH,4,KANGRA,6.7,23.7,-72,LD,669.7,850.8,-21,D
DISTRICT,HIMACHAL PRADESH,5,KINNAUR,0.3,2.9,-91,LD,166.4,115.9,44,E
DISTRICT,HIMACHAL PRADESH,6,KULLU,8.5,7.1,20,E,310.8,291.1,7,N
DISTRICT,HIMACHAL PRADESH,7,LAHAUL & SPITI,0.0,4.4,-100,NR,85.7,190.8,-55,D
DISTRICT,HIMACHAL PRADESH,8,MANDI,5.2,16.2,-68,LD,513.8,604.9,-15,N
DISTRICT,HIMACHAL PRADESH,9,SHIMLA,7.7,9.8,-21,D,470.0,345.6,36,E
DISTRICT,HIMACHAL PRADESH,10,SIRMAUR,17.3,17.4,0,N,650.2,651.5,0,N
DISTRICT,HIMACHAL PRADESH,11,SOLAN,0.0,13.1,-100,NR,528.0,474.8,11,N
DISTRICT,HIMACHAL PRADESH,12,UNA,0.0,12.7,-100,NR,394.9,464.5,-15,N
STATE,JAMMU & KASHMIR AND LADAKH,,,6.5,6.4,2,N,335.6,291.2,15,N
STATE,JAMMU & KASHMIR (UT),,,6.5,6.4,2,N,335.6,291.2,15,N
DISTRICT,JAMMU & KASHMIR (UT),1,ANANTNAG,1.5,2.2,-32,D,228.7,172.6,33,E
DISTRICT,JAMMU & KASHMIR (UT),2,BADGAM,0.7,3.3,-80,LD,107.0,112.1,-5,N
DISTRICT,JAMMU & KASHMIR (UT),3,BANDIPORA,4.7,8.8,-47,D,152.9,125.7,22,E
DISTRICT,JAMMU & KASHMIR (UT),4,BARAMULA,0.3,1.9,-87,LD,230.5,120.0,92,LE
DISTRICT,JAMMU & KASHMIR (UT),5,DODA,1.5,5.5,-73,LD,238.3,235.8,1,N
DISTRICT,JAMMU & KASHMIR (UT),6,GANDERBAL,6.3,3.9,62,LE,251.6,146.9,71,LE
DISTRICT,JAMMU & KASHMIR (UT),7,JAMMU,0.0,9.2,-100,NR,485.3,509.4,-5,N
DISTRICT,JAMMU & KASHMIR (UT),8,KATHUA,12.3,21.8,-43,D,491.8,681.7,-28,D
DISTRICT,JAMMU & KASHMIR (UT),9,KISTWAR,2.8,5.5,-50,D,152.0,235.8,-36,D
DISTRICT,JAMMU & KASHMIR (UT),10,KULGAM,0.0,1.0,-100,NR,180.4,175.3,3,N
DISTRICT,JAMMU & KASHMIR (UT),11,KUPWARA,0.4,2.6,-85,LD,179.0,146.7,22,E
DISTRICT,JAMMU & KASHMIR (UT),12,POONCH,9.3,6.1,52,E,579.0,378.8,53,E
DISTRICT,JAMMU & KASHMIR (UT),13,PULWAMA,0.1,3.6,-97,LD,166.3,98.1,70,LE
DISTRICT,JAMMU & KASHMIR (UT),14,RAJOURI,1.0,8.0,-88,LD,484.1,351.6,38,E
DISTRICT,JAMMU & KASHMIR (UT),15,RAMBAN,0.0,1.9,-100,NR,362.6,218.4,66,LE
DISTRICT,JAMMU & KASHMIR (UT),16,REASI,31.4,20.5,53,E,780.3,792.0,-1,N
DISTRICT,JAMMU & KASHMIR (UT),17,SAMBA,1.0,2.2,-55,D,594.5,379.6,57,E
DISTRICT,JAMMU & KASHMIR (UT),18,SHOPIAN,0.0,8.2,-100,NR,76.7,160.7,-52,D
DISTRICT,JAMMU & KASHMIR (UT),19,SRINAGAR,2.8,3.5,-19,N,201.3,130.6,54,E
DISTRICT,JAMMU & KASHMIR (UT),20,UDHAMPUR,54.4,8.0,580,LE,989.5,528.3,87,LE
STATE,LADAKH (UT),,,1.6,0.1,1527,LE,36.6,12.9,184,LE
DISTRICT,LADAKH (UT),1,KARGIL,0.0,0.0,-100,NR,14.9,5.9,132,LE
DISTRICT,LADAKH (UT),2,LADAKH (LEH),2.1,0.2,967,LE,43.4,15.1,184,LE
STATE,RAJASTHAN,,,5.1,4.2,21,E,191.4,231.3,-17,N
STATE,EAST RAJASTHAN,,,4.4,6.8,-35,D,255.6,324.6,-21,D
DISTRICT,EAST RAJASTHAN,1,AJMER,21.8,3.4,540,LE,264.1,238.9,11,N
DISTRICT,EAST RAJASTHAN,2,ALWAR,0.1,7.4,-99,LD,210.7,279.5,-25,D
DISTRICT,EAST RAJASTHAN,3,BANSWARA,5.2,7.2,-28,D,267.4,433.4,-38,D
DISTRICT,EAST RAJASTHAN,4,BARAN,0.5,8.2,-94,LD,322.6,432.7,-25,D
DISTRICT,EAST RAJASTHAN,5,BHARATPUR,0.0,8.9,-100,NR,242.7,269.9,-10,N
DISTRICT,EAST RAJASTHAN,6,BHILWARA,11.5,5.3,117,LE,269.0,307.2,-12,N
DISTRICT,EAST RAJASTHAN,7,BUNDI,14.5,6.0,142,LE,246.4,336.3,-27,D
DISTRICT,EAST RAJASTHAN,8,CHITTORGARH,5.3,7.2,-27,D,299.7,363.1,-17,N
DISTRICT,EAST RAJASTHAN,9,DAUSA,1.6,9.3,-83,LD,236.8,309.8,-24,D
DISTRICT,EAST RAJASTHAN,10,DHOLPUR,0.0,6.9,-100,NR,222.3,285.4,-22,D
DISTRICT,EAST RAJASTHAN,11,DUNGARPUR,4.4,5.1,-13,N,253.5,359.3,-29,D
DISTRICT,EAST RAJASTHAN,12,JAIPUR,2.6,7.2,-64,LD,191.7,287.7,-33,D
DISTRICT,EAST RAJASTHAN,13,JHALAWAR,0.0,10.4,-100,NR,308.6,437.1,-29,D
DISTRICT,EAST RAJASTHAN,14,JHUNJHUNU,0.0,5.6,-100,NR,252.2,231.0,9,N
DISTRICT,EAST RAJASTHAN,15,KARAULI,3.8,11.3,-66,LD,169.3,300.3,-44,D
DISTRICT,EAST RAJASTHAN,16,KOTA,1.4,6.8,-79,LD,250.0,378.8,-34,D
DISTRICT,EAST RAJASTHAN,17,PRATAPGARH,3.2,8.3,-61,LD,458.6,453.0,1,N
DISTRICT,EAST RAJASTHAN,18,RAJSAMAND,3.1,4.8,-35,D,273.1,278.7,-2,N
DISTRICT,EAST RAJASTHAN,19,SAWAI MADHOPUR,3.6,9.0,-60,LD,199.3,342.9,-42,D
DISTRICT,EAST RAJASTHAN,20,SIKAR,0.0,4.0,-100,NR,237.9,241.3,-1,N
DISTRICT,EAST RAJASTHAN,21,SIROHI,9.5,6.6,44,E,343.9,463.9,-26,D
DISTRICT,EAST RAJASTHAN,22,TONK,4.7,5.5,-15,N,269.0,291.9,-8,N
DISTRICT,EAST RAJASTHAN,23,UDAIPUR,0.3,6.0,-95,LD,229.1,322.7,-29,D
STATE,WEST RAJASTHAN,,,5.6,2.3,145,LE,140.2,157.1,-11,N
DISTRICT,WEST RAJASTHAN,1,BARMER,0.9,2.4,-63,LD,159.0,142.1,12,N
DISTRICT,WEST RAJASTHAN,2,BIKANER,1.1,1.9,-40,D,145.3,147.9,-2,N
DISTRICT,WEST RAJASTHAN,3,CHURU,0.6,3.4,-83,LD,182.4,197.4,-8,N
DISTRICT,WEST RAJASTHAN,4,HANUMANGARH,0.6,2.5,-77,LD,102.8,148.7,-31,D
DISTRICT,WEST RAJASTHAN,5,JAISALMER,3.9,1.7,129,LE,70.8,94.3,-25,D
DISTRICT,WEST RAJASTHAN,6,JALORE,0.9,2.2,-60,LD,134.3,225.0,-40,D
DISTRICT,WEST RAJASTHAN,7,JODHPUR,17.3,2.0,763,LE,163.4,157.4,4,N
DISTRICT,WEST RAJASTHAN,8,NAGAUR,3.9,2.3,70,LE,189.0,212.7,-11,N
DISTRICT,WEST RAJASTHAN,9,PALI,30.8,3.4,804,LE,182.5,257.4,-29,D
DISTRICT,WEST RAJASTHAN,10,SRI GANGANAGAR,0.6,2.3,-74,LD,126.9,116.9,9,N
STATE,MADHYA PRADESH,,,2.3,11.5,-80,LD,403.8,482.0,-16,N
STATE,WEST MADHYA PRADESH,,,1.1,9.6,-89,LD,390.7,446.1,-12,N
DISTRICT,WEST MADHYA PRADESH,1,AGAR-MALWA,0.0,11.5,-100,NR,388.5,463.9,-16,N
DISTRICT,WEST MADHYA PRADESH,2,ALIRAJPUR,5.2,7.4,-29,D,300.8,440.9,-32,D
DISTRICT,WEST MADHYA PRADESH,3,ASHOKNAGAR,1.5,7.9,-81,LD,337.0,441.3,-24,D
DISTRICT,WEST MADHYA PRADESH,4,BARWANI,1.8,5.9,-69,LD,363.3,336.9,8,N
DISTRICT,WEST MADHYA PRADESH,5,BETUL,0.3,14.0,-98,LD,459.8,539.0,-15,N
DISTRICT,WEST MADHYA PRADESH,6,BHIND,0.0,5.6,-100,NR,302.0,301.5,0,N
DISTRICT,WEST MADHYA PRADESH,7,BHOPAL,0.0,8.0,-100,NR,482.1,498.5,-3,N
DISTRICT,WEST MADHYA PRADESH,8,BURHANPUR,0.0,6.6,-100,NR,567.7,375.7,51,E
DISTRICT,WEST MADHYA PRADESH,9,DATIA,0.0,12.1,-100,NR,188.2,366.5,-49,D
DISTRICT,WEST MADHYA PRADESH,10,DEWAS,0.4,9.6,-95,LD,556.7,461.2,21,E
DISTRICT,WEST MADHYA PRADESH,11,DHAR,2.5,6.4,-60,LD,329.6,414.8,-21,D
DISTRICT,WEST MADHYA PRADESH,12,GUNA,4.5,10.8,-58,D,437.8,482.5,-9,N
DISTRICT,WEST MADHYA PRADESH,13,GWALIOR,0.0,7.1,-100,NR,304.0,331.4,-8,N
DISTRICT,WEST MADHYA PRADESH,14,HARDA,2.0,19.1,-90,LD,485.4,555.3,-13,N
DISTRICT,WEST MADHYA PRADESH,15,INDORE,2.0,6.4,-68,LD,449.7,435.2,3,N
DISTRICT,WEST MADHYA PRADESH,16,JHABUA,3.5,8.4,-58,D,394.5,448.9,-12,N
DISTRICT,WEST MADHYA PRADESH,17,KHANDWA,0.2,5.6,-96,LD,446.2,412.3,8,N
DISTRICT,WEST MADHYA PRADESH,18,KHARGONE,1.3,7.2,-82,LD,455.9,371.6,23,E
DISTRICT,WEST MADHYA PRADESH,19,MANDSAUR,0.0,8.1,-100,NR,393.4,415.0,-5,N
DISTRICT,WEST MADHYA PRADESH,20,MORENA,0.0,10.1,-100,NR,159.9,321.0,-50,D
DISTRICT,WEST MADHYA PRADESH,21,NARMADAPURAM,0.0,16.2,-100,NR,388.2,625.5,-38,D
DISTRICT,WEST MADHYA PRADESH,22,NEEMUCH,0.0,8.7,-100,NR,345.3,378.9,-9,N
DISTRICT,WEST MADHYA PRADESH,23,RAISEN,0.0,12.1,-99,LD,442.5,546.8,-19,N
DISTRICT,WEST MADHYA PRADESH,24,RAJGARH,1.2,10.0,-88,LD,425.2,449.1,-5,N
DISTRICT,WEST MADHYA PRADESH,25,RATLAM,3.0,7.3,-59,D,365.0,457.4,-20,D
DISTRICT,WEST MADHYA PRADESH,26,SEHORE,2.6,14.3,-82,LD,526.7,536.4,-2,N
DISTRICT,WEST MADHYA PRADESH,27,SHAJAPUR,0.6,11.0,-95,LD,330.8,459.1,-28,D
DISTRICT,WEST MADHYA PRADESH,28,SHEOPUR,0.9,5.7,-85,LD,250.2,349.3,-28,D
DISTRICT,WEST MADHYA PRADESH,29,SHIVPURI,0.3,10.7,-97,LD,290.1,416.1,-30,D
DISTRICT,WEST MADHYA PRADESH,30,UJJAIN,0.8,9.2,-91,LD,408.2,452.4,-10,N
DISTRICT,WEST MADHYA PRADESH,31,VIDISHA,0.4,9.9,-96,LD,391.4,528.9,-26,D
STATE,EAST MADHYA PRADESH,,,4.0,14.1,-72,LD,420.9,528.9,-20,D
DISTRICT,EAST MADHYA PRADESH,1,ANUPPUR,5.1,14.3,-65,LD,476.8,518.7,-8,N
DISTRICT,EAST MADHYA PRADESH,2,BALAGHAT,0.8,15.6,-95,LD,600.1,665.2,-10,N
DISTRICT,EAST MADHYA PRADESH,3,CHHATARPUR,0.0,12.0,-100,NR,327.2,441.7,-26,D
DISTRICT,EAST MADHYA PRADESH,4,CHHINDWARA,1.8,16.4,-89,LD,483.3,541.1,-11,N
DISTRICT,EAST MADHYA PRADESH,5,DAMOH,0.0,16.2,-100,NR,464.1,550.6,-16,N
DISTRICT,EAST MADHYA PRADESH,6,DINDORI,1.3,19.0,-93,LD,517.5,614.5,-16,N
DISTRICT,EAST MADHYA PRADESH,7,JABALPUR,0.6,15.6,-96,LD,414.9,552.1,-25,D
DISTRICT,EAST MADHYA PRADESH,8,KATNI,0.0,15.2,-100,NR,367.7,481.9,-24,D
DISTRICT,EAST MADHYA PRADESH,9,MANDLA,0.0,16.8,-100,NR,428.9,625.3,-31,D
DISTRICT,EAST MADHYA PRADESH,10,NARSINGHPUR,3.2,12.3,-74,LD,370.2,514.5,-28,D
DISTRICT,EAST MADHYA PRADESH,11,NIWARI,0.0,4.4,-100,NR,297.0,363.8,-18,N
DISTRICT,EAST MADHYA PRADESH,12,PANNA,0.0,13.1,-100,NR,385.0,522.8,-26,D
DISTRICT,EAST MADHYA PRADESH,13,REWA,2.2,12.9,-83,LD,172.7,488.8,-65,LD
DISTRICT,EAST MADHYA PRADESH,14,SAGAR,0.0,12.3,-100,NR,378.8,554.4,-32,D
DISTRICT,EAST MADHYA PRADESH,15,SATNA,0.0,17.8,-100,NR,379.7,474.2,-20,D
DISTRICT,EAST MADHYA PRADESH,16,SEONI,0.9,12.6,-93,LD,528.6,561.7,-6,N
DISTRICT,EAST MADHYA PRADESH,17,SHAHDOL,0.6,15.0,-96,LD,457.7,480.1,-5,N
DISTRICT,EAST MADHYA PRADESH,18,SIDHI,21.8,9.9,120,LE,364.1,517.2,-30,D
DISTRICT,EAST MADHYA PRADESH,19,SINGRAULI,50.2,16.4,206,LE,349.1,541.1,-35,D
DISTRICT,EAST MADHYA PRADESH,20,TIKAMGARH,0.0,11.0,-100,NR,312.3,470.7,-34,D
DISTRICT,EAST MADHYA PRADESH,21,UMARIA,1.3,14.6,-91,LD,489.2,495.8,-1,N
DISTRICT,EAST MADHYA PRADESH,22,MAIHAR,0.0,12.9,-100,NR,268.6,477.8,-44,D
DISTRICT,EAST MADHYA PRADESH,23,MAUGANJ,25.0,17.7,41,E,483.1,473.7,2,N
DISTRICT,EAST MADHYA PRADESH,24,PANDHURNA,0.0,12.7,-100,NR,444.1,426.9,4,N
STATE,GUJARAT,,,5.7,8.3,-32,D,480.4,397.7,21,E
STATE,GUJARAT REGION,,,7.5,10.7,-30,D,721.0,511.5,41,E
STATE,GUJARAT,,,5.7,8.3,-32,D,480.4,397.7,21,E
DISTRICT,GUJARAT,1,AHMEDABAD,0.5,7.7,-93,LD,519.4,363.7,43,E
DISTRICT,GUJARAT,2,ANAND,5.8,8.4,-31,D,692.8,432.9,60,LE
DISTRICT,GUJARAT,3,ARAVALLI,8.1,7.4,10,N,338.0,437.4,-23,D
DISTRICT,GUJARAT,4,BANASKANTHA,10.6,7.2,48,E,340.8,328.4,4,N
DISTRICT,GUJARAT,5,BHARUCH,7.7,6.5,18,N,704.1,413.0,70,LE
DISTRICT,GUJARAT,6,CHHOTA UDEPUR,9.2,10.0,-8,N,512.8,504.3,2,N
DISTRICT,GUJARAT,7,DAHOD,5.1,6.4,-20,D,290.6,388.7,-25,D
DISTRICT,GUJARAT,8,DANGS,22.0,25.1,-12,N,2044.4,1253.5,63,LE
DISTRICT,GUJARAT,9,GANDHINAGAR,2.2,8.7,-75,LD,425.3,419.3,1,N
DISTRICT,GUJARAT,10,KHEDA,6.4,7.7,-17,N,804.3,428.3,88,LE
DISTRICT,GUJARAT,11,MAHISAGAR,5.6,6.4,-13,N,538.9,407.1,32,E
DISTRICT,GUJARAT,12,MEHSANA,3.3,10.0,-67,LD,409.0,378.3,8,N
DISTRICT,GUJARAT,13,NARMADA,13.4,12.8,4,N,773.2,551.0,40,E
DISTRICT,GUJARAT,14,NAVSARI,3.1,23.2,-86,LD,2104.9,1108.2,90,LE
DISTRICT,GUJARAT,15,PANCHMAHAL,8.1,8.1,1,N,591.6,469.2,26,E
DISTRICT,GUJARAT,16,PATAN,5.1,8.3,-39,D,387.7,294.7,32,E
DISTRICT,GUJARAT,17,SABARKANTHA,8.1,10.4,-22,D,348.3,449.5,-23,D
DISTRICT,GUJARAT,18,SURAT,8.6,20.6,-58,D,1406.7,777.5,81,LE
DISTRICT,GUJARAT,19,TAPI,11.0,21.6,-49,D,1191.5,811.7,47,E
DISTRICT,GUJARAT,20,VADODARA,7.5,7.6,-1,N,485.0,475.5,2,N
DISTRICT,GUJARAT,21,VALSAD,11.7,24.7,-52,D,2472.7,1268.0,95,LE
STATE,DADRA & NAGAR HAVELI AND DAMAN & DIU (UT),,,12.4,26.5,-53,D,2453.2,1345.9,82,LE
DISTRICT,DADRA & NAGAR HAVELI AND DAMAN & DIU (UT),1,DADARA & NAGAR HAVELI,14.6,27.9,-48,D,2594.6,1405.5,85,LE
DISTRICT,DADRA & NAGAR HAVELI AND DAMAN & DIU (UT),2,DAMAN,4.4,27.9,-84,LD,2509.2,1405.5,79,LE
STATE,SAURASHTRA & KUTCH,,,4.2,6.3,-33,D,290.3,307.9,-6,N
STATE,GUJARAT,,,5.7,8.3,-32,D,480.4,397.7,21,E
DISTRICT,GUJARAT,1,AMRELI,5.5,6.6,-17,N,485.1,347.7,40,E
DISTRICT,GUJARAT,2,BHAVNAGAR,3.0,7.3,-59,D,448.3,330.1,36,E
DISTRICT,GUJARAT,3,BOTAD,3.3,7.2,-55,D,417.7,306.5,36,E
DISTRICT,GUJARAT,4,DEVBHOOMI DWARKA,0.4,10.2,-96,LD,55.4,334.6,-83,LD
DISTRICT,GUJARAT,5,GIR SOMNATH,1.9,10.3,-82,LD,455.4,575.7,-21,D
DISTRICT,GUJARAT,6,JAMNAGAR,5.3,8.4,-37,D,213.2,366.5,-42,D
DISTRICT,GUJARAT,7,JUNAGADH,6.5,7.5,-13,N,582.5,560.5,4,N
DISTRICT,GUJARAT,8,KUTCH,2.6,4.9,-47,D,135.4,214.2,-37,D
DISTRICT,GUJARAT,9,MORBI,3.4,5.8,-41,D,458.4,310.0,48,E
DISTRICT,GUJARAT,10,PORBANDAR,3.4,8.6,-60,LD,156.1,429.3,-64,LD
DISTRICT,GUJARAT,11,RAJKOT,12.8,6.9,85,LE,349.1,373.9,-7,N
DISTRICT,GUJARAT,12,SURENDRANAGAR,5.1,5.1,0,N,471.4,285.2,65,LE
STATE,DADRA & NAGAR HAVELI AND DAMAN & DIU (UT),,,12.4,26.5,-53,D,2453.2,1345.9,82,LE
DISTRICT,DADRA & NAGAR HAVELI AND DAMAN & DIU (UT),1,DIU,0.0,7.4,-100,NR,617.0,507.9,21,E
STATE,KONKAN & GOA,,,36.8,34.5,7,N,1837.8,1857.2,-1,N
STATE,MAHARASHTRA,,,7.5,11.3,-34,D,608.4,566.1,7,N
DISTRICT,MAHARASHTRA,1,MUMBAI CITY,9.4,15.8,-41,D,1632.8,1334.4,22,E
DISTRICT,MAHARASHTRA,2,MUMBAI SUBURBAN,48.4,22.2,118,LE,1958.2,1462.5,34,E
DISTRICT,MAHARASHTRA,3,PALGHAR,25.3,31.5,-20,D,2209.9,1392.3,59,E
DISTRICT,MAHARASHTRA,4,RAIGAD,37.9,37.0,2,N,2294.9,1948.4,18,N
DISTRICT,MAHARASHTRA,5,RATNAGIRI,13.6,39.0,-65,LD,1899.7,2097.8,-9,N
DISTRICT,MAHARASHTRA,6,SINDHUDURG,25.4,30.6,-17,N,1274.2,2021.3,-37,D
DISTRICT,MAHARASHTRA,7,THANE,105.4,30.2,249,LE,1698.2,1497.0,13,N
STATE,GOA,,,38.1,36.3,5,N,1290.6,2057.6,-37,D
DISTRICT,GOA,1,NORTH GOA,49.3,35.4,39,E,1178.1,2097.9,-44,D
DISTRICT,GOA,2,SOUTH GOA,28.1,37.0,-24,D,1390.0,2022.0,-31,D
STATE,MADHYA MAHARASHTRA,,,9.0,8.9,1,N,565.7,411.7,37,E
DISTRICT,MADHYA MAHARASHTRA,1,AHMEDNAGAR,1.1,4.3,-75,LD,206.6,217.7,-5,N
DISTRICT,MADHYA MAHARASHTRA,2,DHULE,2.8,5.3,-47,D,383.7,304.7,26,E
DISTRICT,MADHYA MAHARASHTRA,3,JALGAON,0.8,5.8,-86,LD,502.0,323.6,55,E
DISTRICT,MADHYA MAHARASHTRA,4,KOLHAPUR,32.9,24.9,32,E,1088.2,1086.3,0,N
DISTRICT,MADHYA MAHARASHTRA,5,NANDURBAR,3.7,9.0,-59,D,356.8,465.9,-23,D
DISTRICT,MADHYA MAHARASHTRA,6,NASHIK,18.4,11.1,65,LE,1013.7,494.2,105,LE
DISTRICT,MADHYA MAHARASHTRA,7,PUNE,19.9,10.8,84,LE,900.4,529.7,70,LE
DISTRICT,MADHYA MAHARASHTRA,8,SANGLI,1.7,7.0,-75,LD,266.2,260.1,2,N
DISTRICT,MADHYA MAHARASHTRA,9,SATARA,8.4,12.8,-34,D,771.9,502.7,54,E
DISTRICT,MADHYA MAHARASHTRA,10,SHOLAPUR,0.5,4.1,-87,LD,137.3,198.3,-31,D
STATE,MARATHWADA,,,2.1,5.6,-63,LD,288.0,321.3,-10,N
DISTRICT,MARATHWADA,1,BEED,0.6,3.7,-83,LD,192.3,264.1,-27,D
DISTRICT,MARATHWADA,2,CHHATRAPATI SAMBHAJINAGAR,1.9,5.5,-65,LD,392.4,278.6,41,E
DISTRICT,MARATHWADA,3,DHARASHIV,3.3,4.7,-30,D,241.3,265.4,-9,N
DISTRICT,MARATHWADA,4,HINGOLI,6.5,5.9,10,N,284.6,415.4,-31,D
DISTRICT,MARATHWADA,5,JALNA,1.8,5.8,-70,LD,249.1,304.2,-18,N
DISTRICT,MARATHWADA,6,LATUR,2.1,5.1,-59,D,273.4,325.1,-16,N
DISTRICT,MARATHWADA,7,NANDED,1.2,7.9,-85,LD,353.1,408.8,-14,N
DISTRICT,MARATHWADA,8,PARBHANI,2.1,5.9,-64,LD,294.9,353.2,-17,N
STATE,VIDARBHA,,,0.3,11.0,-97,LD,474.4,514.5,-8,N
DISTRICT,VIDARBHA,1,AKOLA,0.4,6.9,-94,LD,340.7,385.0,-12,N
DISTRICT,VIDARBHA,2,AMRAOTI,0.2,9.5,-98,LD,373.7,446.0,-16,N
DISTRICT,VIDARBHA,3,BHANDARA,0.3,12.8,-98,LD,568.3,585.6,-3,N
DISTRICT,VIDARBHA,4,BULDHANA,0.6,6.8,-91,LD,406.4,346.3,17,N
DISTRICT,VIDARBHA,5,CHANDRAPUR,0.1,13.2,-99,LD,485.5,584.3,-17,N
DISTRICT,VIDARBHA,6,GADCHIROLI,0.0,14.5,-100,NR,589.1,695.9,-15,N
DISTRICT,VIDARBHA,7,GONDIA,0.3,13.2,-98,LD,723.6,667.1,8,N
DISTRICT,VIDARBHA,8,NAGPUR,0.5,14.3,-96,LD,436.2,523.5,-17,N
DISTRICT,VIDARBHA,9,WARDHA,0.2,10.2,-98,LD,443.8,470.4,-6,N
DISTRICT,VIDARBHA,10,WASHIM,0.8,7.8,-90,LD,376.6,438.4,-14,N
DISTRICT,VIDARBHA,11,YEOTMAL,0.4,8.6,-95,LD,490.7,459.1,7,N
STATE,CHHATTISGARH,,,2.2,14.0,-84,LD,567.8,594.7,-5,N
DISTRICT,CHHATTISGARH,1,BALOD,0.1,9.1,-99,LD,668.6,528.2,27,E
DISTRICT,CHHATTISGARH,2,BALODA BAZAR,0.0,9.9,-100,NR,621.2,497.2,25,E
DISTRICT,CHHATTISGARH,3,BALRAMPUR,22.6,14.9,51,E,501.8,492.4,2,N
DISTRICT,CHHATTISGARH,4,BASTAR,1.6,12.8,-88,LD,523.4,625.8,-16,N
DISTRICT,CHHATTISGARH,5,BEMETARA,0.0,11.1,-100,NR,323.3,550.3,-41,D
DISTRICT,CHHATTISGARH,6,BIJAPUR,3.1,19.2,-84,LD,705.4,705.5,0,N
DISTRICT,CHHATTISGARH,7,BILASPUR,0.4,11.4,-96,LD,582.4,531.2,10,N
DISTRICT,CHHATTISGARH,8,DANTEWADA,0.2,24.9,-99,LD,620.8,667.4,-7,N
DISTRICT,CHHATTISGARH,9,DHAMTARI,0.0,10.2,-100,NR,636.4,562.2,13,N
DISTRICT,CHHATTISGARH,10,DURG,0.0,7.6,-100,NR,493.8,524.1,-6,N
DISTRICT,CHHATTISGARH,11,GARIABAND,0.0,14.4,-100,NR,696.8,552.9,26,E
DISTRICT,CHHATTISGARH,12,GAURELA PENDRA MARWAHI,0.9,14.1,-93,LD,492.8,557.3,-12,N
DISTRICT,CHHATTISGARH,13,JANJGIR,0.0,10.7,-100,NR,742.7,550.6,35,E
DISTRICT,CHHATTISGARH,14,JASHPUR,2.4,14.2,-83,LD,389.5,755.6,-48,D
DISTRICT,CHHATTISGARH,15,KABIRDHAM,1.1,12.1,-91,LD,357.6,441.4,-19,N
DISTRICT,CHHATTISGARH,16,KANKER,0.0,16.9,-100,NR,507.1,683.6,-26,D
DISTRICT,CHHATTISGARH,17,KHAIRAGARH CHH GANDAI,0.0,9.0,-100,NR,380.6,388.4,-2,N
DISTRICT,CHHATTISGARH,18,KONDAGAON,0.4,14.8,-97,LD,565.9,610.6,-7,N
DISTRICT,CHHATTISGARH,19,KORBA,1.4,18.7,-93,LD,553.3,659.1,-16,N
DISTRICT,CHHATTISGARH,20,KORIYA,0.0,13.0,-100,NR,474.9,592.1,-20,D
DISTRICT,CHHATTISGARH,21,MAHASAMUND,0.0,12.5,-100,NR,725.1,548.5,32,E
DISTRICT,CHHATTISGARH,22,MANENDRAGARH BHARATPUR,11.7,13.0,-10,N,448.9,592.0,-24,D
DISTRICT,CHHATTISGARH,23,MOHALA MANPUR CHOWKI,10.1,11.1,-9,N,507.0,561.2,-10,N
DISTRICT,CHHATTISGARH,24,MUNGELI,0.0,10.4,-100,NR,594.4,508.1,17,N
DISTRICT,CHHATTISGARH,25,NARAYANPUR,0.0,13.2,-100,NR,997.7,632.7,58,E
DISTRICT,CHHATTISGARH,26,RAIGARH,0.3,20.1,-99,LD,540.4,619.6,-13,N
DISTRICT,CHHATTISGARH,27,RAIPUR,0.0,9.7,-100,NR,626.0,526.8,19,N
DISTRICT,CHHATTISGARH,28,RAJNANDGAON,0.0,11.6,-100,NR,521.6,558.7,-7,N
DISTRICT,CHHATTISGARH,29,SAKTI,0.3,13.7,-98,LD,571.7,583.8,-2,N
DISTRICT,CHHATTISGARH,30,SARANGARH BILAIGARH,2.5,12.8,-80,LD,800.0,496.2,61,LE
DISTRICT,CHHATTISGARH,31,SUKMA,1.7,20.3,-92,LD,520.5,633.8,-18,N
DISTRICT,CHHATTISGARH,32,SURAJPUR,1.8,11.6,-85,LD,566.7,645.1,-12,N
DISTRICT,CHHATTISGARH,33,SURGUJA,0.2,10.5,-98,LD,300.3,644.3,-53,D
STATE,ANDHRA PRADESH,,,1.1,4.7,-76,LD,153.0,238.6,-36,D
STATE,COASTAL ANDHRA PRADESH & YANAM,,,1.3,6.2,-78,LD,186.1,283.9,-34,D
STATE,ANDHRA PRADESH,,,1.1,4.7,-76,LD,153.0,238.6,-36,D
DISTRICT,ANDHRA PRADESH,1,ANAKAPALLI,0.0,3.9,-100,NR,180.6,295.2,-39,D
DISTRICT,ANDHRA PRADESH,2,BAPATLA,1.1,6.0,-82,LD,115.5,244.2,-53,D
DISTRICT,ANDHRA PRADESH,3,DR B R AMBEDKAR KONASEEMA,0.0,6.3,-100,NR,368.6,370.2,0,N
DISTRICT,ANDHRA PRADESH,4,EAST GODAVARI,0.0,7.3,-100,NR,250.9,353.5,-29,D
DISTRICT,ANDHRA PRADESH,5,ELURU,0.3,11.8,-98,LD,299.0,435.4,-31,D
DISTRICT,ANDHRA PRADESH,6,GUNTUR,1.1,6.3,-83,LD,242.9,286.9,-15,N
DISTRICT,ANDHRA PRADESH,7,KAKINADA,0.0,8.6,-100,NR,243.8,329.6,-26,D
DISTRICT,ANDHRA PRADESH,8,KRISHNA,2.3,7.2,-68,LD,234.1,332.0,-29,D
DISTRICT,ANDHRA PRADESH,9,NTR DISTRICT,7.7,8.0,-4,N,231.8,348.0,-33,D
DISTRICT,ANDHRA PRADESH,10,PALNADU,1.4,6.7,-79,LD,193.4,260.6,-26,D
DISTRICT,ANDHRA PRADESH,11,PARVATHIPURAM MANYAM,0.0,10.0,-100,NR,200.7,382.5,-48,D
DISTRICT,ANDHRA PRADESH,12,PRAKASAM,0.0,1.9,-98,LD,89.1,166.6,-47,D
DISTRICT,ANDHRA PRADESH,13,SPSR NELLORE,2.3,2.7,-16,N,106.9,148.2,-28,D
DISTRICT,ANDHRA PRADESH,14,SRI ALLURI SITHARAMARAJU DISTRICT,0.6,12.9,-96,LD,249.8,461.0,-46,D
DISTRICT,ANDHRA PRADESH,15,SRIKAKULAM,4.0,11.0,-63,LD,170.1,346.0,-51,D
DISTRICT,ANDHRA PRADESH,16,VISHAKHAPATNAM,0.0,4.1,-100,NR,144.1,256.4,-44,D
DISTRICT,ANDHRA PRADESH,17,VIZIANAGARAM,3.1,9.4,-67,LD,207.9,326.0,-36,D
DISTRICT,ANDHRA PRADESH,18,WEST GODAVARI,0.9,6.1,-85,LD,168.8,359.0,-53,D
STATE,PUDUCHERRY (UT),,,1.1,2.0,-45,D,76.7,168.9,-55,D
DISTRICT,PUDUCHERRY (UT),1,YANAM,0.0,6.6,-100,NR,217.6,344.9,-37,D
STATE,RAYALASEEMA,,,0.9,2.5,-65,LD,109.6,174.3,-37,D
DISTRICT,RAYALASEEMA,1,ANANTAPURAMU,0.4,1.4,-71,LD,115.7,132.5,-13,N
DISTRICT,RAYALASEEMA,2,ANNAMAYYA DISTRICT,0.6,2.6,-78,LD,56.0,164.6,-66,LD
DISTRICT,RAYALASEEMA,3,CHITTOOR,0.5,2.9,-82,LD,94.2,195.0,-52,D
DISTRICT,RAYALASEEMA,4,KURNOOL,0.8,3.1,-74,LD,156.0,193.5,-19,N
DISTRICT,RAYALASEEMA,5,NANDYAL,0.1,3.8,-97,LD,157.8,232.3,-32,D
DISTRICT,RAYALASEEMA,6,SRI SATHYASAI DISTRICT,0.0,1.3,-100,NR,85.6,128.1,-33,D
DISTRICT,RAYALASEEMA,7,TIRUPATI,2.3,3.3,-30,D,121.8,199.2,-39,D
DISTRICT,RAYALASEEMA,8,YSR DISTRICT,2.0,2.7,-28,D,84.2,169.7,-50,D
STATE,TELANGANA,,,3.0,8.2,-64,LD,345.4,372.5,-7,N
DISTRICT,TELANGANA,1,ADILABAD,0.2,10.7,-98,LD,531.1,515.9,3,N
DISTRICT,TELANGANA,2,B. KOTHAGUDEM,1.0,14.3,-93,LD,382.2,495.3,-23,D
DISTRICT,TELANGANA,3,HANUMAKONDA,0.0,9.7,-100,NR,210.4,351.8,-40,D
DISTRICT,TELANGANA,4,HYDERABAD,4.2,8.5,-50,D,210.9,297.4,-29,D
DISTRICT,TELANGANA,5,J. BHUPALPALLY,13.3,11.9,12,N,572.1,499.5,15,N
DISTRICT,TELANGANA,6,JAGTIAL,0.5,6.8,-92,LD,580.1,423.2,37,E
DISTRICT,TELANGANA,7,JANGAON,0.1,7.3,-99,LD,196.2,344.3,-43,D
DISTRICT,TELANGANA,8,JOGULAMBA GADWAL,0.0,3.0,-99,LD,140.9,214.8,-34,D
DISTRICT,TELANGANA,9,KAMAREDDY,11.7,7.3,60,LE,480.3,387.4,24,E
DISTRICT,TELANGANA,10,KARIMNAGAR,1.8,5.6,-67,LD,351.7,359.0,-2,N
DISTRICT,TELANGANA,11,KHAMMAM,1.2,9.8,-87,LD,282.9,389.6,-27,D
DISTRICT,TELANGANA,12,KUMARAM BHEEM,0.4,7.4,-94,LD,702.5,527.4,33,E
DISTRICT,TELANGANA,13,M. MALKAJGIRI,3.0,8.2,-64,LD,139.8,245.4,-43,D
DISTRICT,TELANGANA,14,MAHABUBABAD,0.8,12.5,-94,LD,349.0,434.5,-20,D
DISTRICT,TELANGANA,15,MAHABUBNAGAR,5.6,7.5,-25,D,242.6,247.5,-2,N
DISTRICT,TELANGANA,16,MANCHERIAL,0.7,9.4,-92,LD,654.4,502.6,30,E
DISTRICT,TELANGANA,17,MEDAK,18.8,8.7,116,LE,398.2,396.6,0,N
DISTRICT,TELANGANA,18,MULUGU,2.8,13.5,-80,LD,669.9,518.8,29,E
DISTRICT,TELANGANA,19,NAGARKURNOOL,1.0,5.6,-83,LD,183.2,223.9,-18,N
DISTRICT,TELANGANA,20,NALGONDA,1.1,5.4,-79,LD,139.2,232.3,-40,D
DISTRICT,TELANGANA,21,NARAYANPET,4.9,5.6,-12,N,249.5,221.0,13,N
DISTRICT,TELANGANA,22,NIRMAL,0.0,9.8,-99,LD,290.8,476.6,-39,D
DISTRICT,TELANGANA,23,NIZAMABAD,1.0,7.5,-86,LD,428.7,432.0,-1,N
DISTRICT,TELANGANA,24,PEDDAPALLE,6.0,8.2,-26,D,512.8,465.7,10,N
DISTRICT,TELANGANA,25,RAJANNA SIRCILLA,5.4,6.9,-22,D,343.4,349.0,-2,N
DISTRICT,TELANGANA,26,RANGAREDDY,1.8,5.6,-67,LD,226.3,260.3,-13,N
DISTRICT,TELANGANA,27,SANGAREDDY,3.9,8.6,-55,D,292.4,359.0,-19,N
DISTRICT,TELANGANA,28,SIDDIPET,3.5,5.3,-33,D,266.8,308.9,-14,N
DISTRICT,TELANGANA,29,SURYAPET,4.2,5.7,-26,D,197.9,304.7,-35,D
DISTRICT,TELANGANA,30,VIKARABAD,4.4,7.7,-43,D,283.7,320.3,-11,N
DISTRICT,TELANGANA,31,WANAPARTHY,2.3,5.6,-59,D,173.8,262.8,-34,D
DISTRICT,TELANGANA,32,WARANGAL,0.0,12.7,-100,NR,275.3,470.0,-41,D
DISTRICT,TELANGANA,33,Y. BHUVANAGIRI,1.9,6.8,-72,LD,142.1,273.9,-48,D
STATE,TAMILNADU & PUDUCHERRY & KARAIKAL,,,2.9,1.7,69,LE,109.6,126.7,-13,N
STATE,TAMILNADU,,,2.9,1.7,69,LE,109.8,126.7,-13,N
DISTRICT,TAMILNADU,1,ARIYALUR,1.6,1.9,-14,N,91.7,99.0,-7,N
DISTRICT,TAMILNADU,2,CHENGALPATTU,4.7,2.6,81,LE,50.1,158.1,-68,LD
DISTRICT,TAMILNADU,3,CHENNAI,3.2,4.8,-34,D,123.9,185.1,-33,D
DISTRICT,TAMILNADU,4,COIMBATORE,7.9,5.9,34,E,448.0,413.7,8,N
DISTRICT,TAMILNADU,5,CUDDALORE,6.5,2.3,185,LE,131.6,122.6,7,N
DISTRICT,TAMILNADU,6,DHARMAPURI,3.5,2.0,76,LE,110.3,129.4,-15,N
DISTRICT,TAMILNADU,7,DINDIGUL,0.0,1.0,-99,LD,73.5,97.3,-24,D
DISTRICT,TAMILNADU,8,ERODE,0.0,1.5,-98,LD,74.8,96.9,-23,D
DISTRICT,TAMILNADU,9,KALLAKURICHI,0.9,2.1,-59,D,99.1,136.7,-28,D
DISTRICT,TAMILNADU,10,KANCHEEPURAM,1.9,3.8,-50,D,104.4,186.6,-44,D
DISTRICT,TAMILNADU,11,KANYAKUMARI,6.1,2.1,189,LE,343.7,292.8,17,N
DISTRICT,TAMILNADU,12,KARUR,0.0,0.3,-100,NR,33.0,52.5,-37,D
DISTRICT,TAMILNADU,13,KRISHNAGIRI,7.3,1.5,388,LE,99.5,117.4,-15,N
DISTRICT,TAMILNADU,14,MADURAI,0.0,0.7,-100,NR,72.4,100.5,-28,D
DISTRICT,TAMILNADU,15,MAYILADUTHURAI,6.4,2.7,137,LE,67.7,101.6,-33,D
DISTRICT,TAMILNADU,16,NAGAPATTINAM,0.2,1.7,-89,LD,39.8,88.1,-55,D
DISTRICT,TAMILNADU,17,NAMAKKAL,0.0,2.0,-100,NR,42.7,107.2,-60,LD
DISTRICT,TAMILNADU,18,NILGIRIS,6.1,7.5,-19,N,349.1,466.1,-25,D
DISTRICT,TAMILNADU,19,PERAMBALUR,3.4,0.5,573,LE,86.0,76.4,13,N
DISTRICT,TAMILNADU,20,PUDUKKOTTAI,0.0,0.6,-100,NR,101.5,100.3,1,N
DISTRICT,TAMILNADU,21,RAMANATHAPURAM,0.0,0.7,-100,NR,10.3,43.1,-76,LD
DISTRICT,TAMILNADU,22,RANIPET,3.0,3.9,-22,D,125.3,189.8,-34,D
DISTRICT,TAMILNADU,23,SALEM,2.1,1.3,58,E,105.2,145.3,-28,D
DISTRICT,TAMILNADU,24,SIVAGANGA,0.0,1.6,-100,NR,97.7,125.9,-22,D
DISTRICT,TAMILNADU,25,TENKASI,18.1,0.8,2161,LE,149.3,92.0,62,LE
DISTRICT,TAMILNADU,26,THANJAVUR,0.9,1.0,-12,N,83.0,98.3,-16,N
DISTRICT,TAMILNADU,27,THENI,7.5,1.3,478,LE,122.7,87.2,41,E
DISTRICT,TAMILNADU,28,THIRUCHIRAPALLI,0.0,0.7,-100,NR,68.6,80.6,-15,N
DISTRICT,TAMILNADU,29,THIRUVALLUR,6.0,3.4,76,LE,140.2,189.9,-26,D
DISTRICT,TAMILNADU,30,THOOTHUKUDI,0.1,0.1,-32,D,8.0,17.7,-55,D
DISTRICT,TAMILNADU,31,TIRUNELVELI,11.2,0.1,11132,LE,339.4,40.6,736,LE
DISTRICT,TAMILNADU,32,TIRUPATTUR,1.3,2.5,-50,D,72.3,159.1,-55,D
DISTRICT,TAMILNADU,33,TIRUPPUR,0.0,0.5,-100,NR,20.8,45.1,-54,D
DISTRICT,TAMILNADU,34,TIRUVANNAMALAI,1.4,2.9,-52,D,99.1,163.8,-39,D
DISTRICT,TAMILNADU,35,TIRUVARUR,0.0,1.7,-100,NR,71.6,100.5,-29,D
DISTRICT,TAMILNADU,36,VELLORE,0.0,2.4,-100,NR,78.7,171.1,-54,D
DISTRICT,TAMILNADU,37,VILLUPURAM,6.7,2.8,138,LE,82.6,145.7,-43,D
DISTRICT,TAMILNADU,38,VIRUDHUNAGAR,0.0,0.4,-100,NR,54.1,58.5,-8,N
STATE,PUDUCHERRY (UT),,,1.1,2.0,-45,D,76.7,168.9,-55,D
DISTRICT,PUDUCHERRY (UT),1,KARAIKAL,2.6,2.0,30,E,87.0,109.6,-21,D
DISTRICT,PUDUCHERRY (UT),2,PUDUCHERRY,0.0,1.1,-100,NR,16.1,136.0,-88,LD
STATE,KARNATAKA,,,10.1,8.1,24,E,388.0,478.6,-19,N
STATE,NORTHERN INTERIOR KARNATAKA,,,8.0,4.1,95,LE,213.9,234.7,-9,N
DISTRICT,NORTHERN INTERIOR KARNATAKA,1,BAGALKOTE,0.4,3.1,-87,LD,164.8,154.9,6,N
DISTRICT,NORTHERN INTERIOR KARNATAKA,2,BELAGAVI,22.1,6.3,251,LE,443.5,337.8,31,E
DISTRICT,NORTHERN INTERIOR KARNATAKA,3,BIDAR,2.1,5.1,-58,D,305.2,304.4,0,N
DISTRICT,NORTHERN INTERIOR KARNATAKA,4,DHARWAD,4.2,5.0,-15,N,177.7,293.5,-39,D
DISTRICT,NORTHERN INTERIOR KARNATAKA,5,GADAG,0.2,2.4,-92,LD,138.8,159.0,-13,N
DISTRICT,NORTHERN INTERIOR KARNATAKA,6,HAVERI,9.0,4.5,99,LE,195.7,285.9,-32,D
DISTRICT,NORTHERN INTERIOR KARNATAKA,7,KALABURAGI,17.2,4.8,259,LE,161.9,265.5,-39,D
DISTRICT,NORTHERN INTERIOR KARNATAKA,8,KOPPAL,0.0,2.4,-100,NR,95.8,153.2,-37,D
DISTRICT,NORTHERN INTERIOR KARNATAKA,9,RAICHUR,0.2,2.3,-90,LD,150.3,177.6,-15,N
DISTRICT,NORTHERN INTERIOR KARNATAKA,10,VIJAYAPURA,0.1,2.6,-97,LD,139.7,167.7,-17,N
DISTRICT,NORTHERN INTERIOR KARNATAKA,11,YADGIR,14.3,5.4,165,LE,221.4,232.6,-5,N
STATE,SOUTHERN INTERIOR KARNATAKA,,,6.5,6.3,3,N,301.9,371.1,-19,N
DISTRICT,SOUTHERN INTERIOR KARNATAKA,1,BALLARI,3.0,2.4,24,E,83.7,145.4,-42,D
DISTRICT,SOUTHERN INTERIOR KARNATAKA,2,BENGALURU RURAL,5.0,3.2,56,E,119.6,168.4,-29,D
DISTRICT,SOUTHERN INTERIOR KARNATAKA,3,BENGALURU URBAN,0.3,3.0,-90,LD,69.0,171.3,-60,LD
DISTRICT,SOUTHERN INTERIOR KARNATAKA,4,CHAMARAJANAGAR,0.5,2.4,-80,LD,110.3,142.1,-22,D
DISTRICT,SOUTHERN INTERIOR KARNATAKA,5,CHIKABALLAPURA,0.0,2.8,-100,NR,121.5,163.5,-26,D
DISTRICT,SOUTHERN INTERIOR KARNATAKA,6,CHIKKAMAGALURU,11.6,15.8,-27,D,1009.5,938.8,8,N
DISTRICT,SOUTHERN INTERIOR KARNATAKA,7,CHITRADURGA,1.6,1.8,-12,N,85.2,119.9,-29,D
DISTRICT,SOUTHERN INTERIOR KARNATAKA,8,DAVANGERE,3.6,3.4,6,N,146.2,184.8,-21,D
DISTRICT,SOUTHERN INTERIOR KARNATAKA,9,HASSAN,0.5,6.8,-93,LD,161.6,394.0,-59,D
DISTRICT,SOUTHERN INTERIOR KARNATAKA,10,KODAGU,32.8,23.1,42,E,1176.7,1487.5,-21,D
DISTRICT,SOUTHERN INTERIOR KARNATAKA,11,KOLAR,0.0,2.6,-100,NR,69.0,161.1,-57,D
DISTRICT,SOUTHERN INTERIOR KARNATAKA,12,MANDYA,0.0,1.6,-100,NR,71.4,115.7,-38,D
DISTRICT,SOUTHERN INTERIOR KARNATAKA,13,MYSURU,0.0,2.4,-100,NR,102.2,189.6,-46,D
DISTRICT,SOUTHERN INTERIOR KARNATAKA,15,SHIVAMOGGA,35.7,20.2,77,LE,1096.0,1048.6,5,N
DISTRICT,SOUTHERN INTERIOR KARNATAKA,16,TUMAKURU,0.0,2.0,-100,NR,76.8,143.4,-46,D
DISTRICT,SOUTHERN INTERIOR KARNATAKA,17,VIJAYANAGARA,0.6,3.5,-83,LD,84.0,161.2,-48,D
STATE,COASTAL KARNATAKA,,,36.3,33.5,8,N,1566.4,2054.5,-24,D
DISTRICT,COASTAL KARNATAKA,1,DAKSHINA KANNADA,50.7,32.7,55,E,1723.8,2199.6,-22,D
DISTRICT,COASTAL KARNATAKA,2,UDUPI,31.0,35.8,-14,N,1792.2,2509.8,-29,D
DISTRICT,COASTAL KARNATAKA,3,UTTARA KANNADA,31.5,33.0,-5,N,1413.4,1827.0,-23,D
STATE,KERALA & MAHE,,,45.2,15.2,197,LE,1041.9,1357.2,-23,D
STATE,KERALA,,,45.2,15.2,197,LE,1041.8,1357.2,-23,D
DISTRICT,KERALA,1,ALAPUZHA,42.8,9.3,361,LE,795.2,1067.9,-26,D
DISTRICT,KERALA,2,ERNAKULAM,58.6,12.6,365,LE,1068.9,1413.6,-24,D
DISTRICT,KERALA,3,IDUKKI,52.5,20.3,159,LE,894.0,1640.0,-45,D
DISTRICT,KERALA,4,KANNUR,42.0,22.6,86,LE,1608.5,1861.3,-14,N
DISTRICT,KERALA,5,KASARGOD,28.6,23.5,22,E,1634.3,2033.1,-20,D
DISTRICT,KERALA,6,KOLLAM,49.3,6.7,635,LE,583.3,797.7,-27,D
DISTRICT,KERALA,7,KOTTAYAM,67.1,12.2,450,LE,1121.5,1249.1,-10,N
DISTRICT,KERALA,8,KOZHIKODE,41.5,19.3,115,LE,1622.1,1817.6,-11,N
DISTRICT,KERALA,9,MALAPPURAM,43.5,15.6,179,LE,1123.4,1334.2,-16,N
DISTRICT,KERALA,10,PALAKKAD,34.3,13.1,162,LE,812.5,1036.2,-22,D
DISTRICT,KERALA,11,PATHANAMTHITTA,68.6,6.8,908,LE,1000.5,1018.0,-2,N
DISTRICT,KERALA,12,THIRUVANANTHAPURAM,21.1,4.0,427,LE,540.2,529.3,2,N
DISTRICT,KERALA,13,THRISSUR,55.0,16.9,225,LE,1061.9,1441.9,-26,D
DISTRICT,KERALA,14,WYNAD,16.3,25.4,-36,D,853.8,1688.7,-49,D
STATE,PUDUCHERRY (UT),,,1.1,2.0,-45,D,76.7,168.9,-55,D
DISTRICT,PUDUCHERRY (UT),1,MAHE,13.6,18.1,-25,D,1396.6,1715.7,-19,N
STATE,LAKSHADWEEP,,,0.5,6.0,-92,LD,446.3,647.3,-31,D
DISTRICT,LAKSHADWEEP,1,LAKSHADWEEP,0.5,6.0,-92,LD,446.3,647.3,-31,D
